id_company;name;country;email;fun_date;website
8;Gerlach-Pouros;Bermuda;marilou.marquardt@jacobs.com;1987-03-19;http://mohr.com/
9;Cartwright, Eichmann and Bergnaum;Colombia;littel.ivah@gorczany.com;1979-05-15;http://www.joneshammes.biz/
10;Green LLC;Lebanon;julia33@farrell.info;1982-08-06;http://altenwerth.org/
11;Predovic, Koss and Graham;South Africa;qlowe@dareboyle.com;1996-12-24;http://www.auermosciski.org/
12;Kub-Hessel;Niue;hauck.ignatius@kirlin.net;1975-10-06;http://rodriguezkshlerin.info/
13;Conroy LLC;Lithuania;xrutherford@leannon.com;2003-10-10;http://rodriguez.com/
14;Luettgen, Grant and Harvey;Niger;koss.zaria@kerluke.com;1999-01-24;http://www.keeblerbruen.com/
15;Doyle-Borer;Mayotte;goodwin.kole@ondricka.info;2002-05-04;http://champlingrimes.biz/
16;Abernathy-Brown;Cambodia;katelin.simonis@considinehilll.com;2001-04-16;http://collier.com/
17;Welch Inc;Yemen;vswift@mclaughlin.com;1987-09-17;http://green.com/
18;Corwin-Boehm;Liberia;knader@kessler.com;2019-10-13;http://reichert.info/
19;Hane, Von and Beatty;Montenegro;anderson.lon@gibsonkris.com;2016-11-27;http://www.barrows.com/
20;Schowalter-Koch;Jordan;gunner.daniel@jast.com;1992-07-12;http://www.schulist.com/
21;D'Amore Inc;Japan;eratke@kling.info;1991-03-27;http://www.gloverbraun.com/
22;Runolfsson-Shields;Samoa;carissa.pagac@gerhold.info;1976-05-06;http://www.thiel.com/
23;Medhurst-Labadie;United States of America;abbie.vonrueden@mullertreutel.org;2008-01-01;http://okeefe.com/
24;Borer, Collins and Simonis;Bhutan;keeling.clint@pacocha.com;2000-08-09;http://www.lesch.com/
25;Sanford, Kilback and Treutel;Botswana;evans.fadel@luettgenkerluke.biz;1991-01-12;http://welchhane.com/
26;Lowe Ltd;Reunion;fswaniawski@douglas.info;1999-08-15;http://jenkinsbotsford.com/
27;Wisoky Inc;Grenada;bulah.murazik@pricedavis.com;1991-12-15;http://www.kohler.com/
28;Christiansen-Boehm;Uzbekistan;johanna76@collinskeebler.com;1995-03-30;http://www.funkjerde.com/
29;Mayer-White;Cyprus;merlin.hodkiewicz@beatty.biz;2013-08-09;http://www.will.com/
30;Hilll Ltd;Panama;oceane37@bernier.com;1981-05-05;http://simonis.org/
31;Hettinger Group;Djibouti;mayert.garrett@fay.org;1984-02-06;http://www.veumnicolas.com/
32;Yundt, Lockman and Tillman;Korea;zstiedemann@luettgen.com;2017-08-30;http://schoen.com/
33;Yundt, Ryan and Ratke;Jersey;schneider.yvette@wintheisernicolas.com;2009-04-06;http://friesenwillms.biz/
34;Little, Witting and Hayes;Mexico;kschmidt@stamm.info;1999-02-08;http://kuhlmanhoeger.com/
35;White and Sons;Marshall Islands;heber.altenwerth@cronawehner.com;2017-03-20;http://haneherzog.com/
36;Dooley Ltd;Namibia;francesca45@rutherfordwilliamson.com;2006-08-15;http://robel.net/
37;O'Hara-Ratke;Western Sahara;nikki96@considine.com;2017-05-01;http://skiles.com/
38;Bruen Inc;Antarctica (the territory;heath40@breitenberg.org;2014-12-07;http://torplueilwitz.com/
39;Heller, Kub and Sipes;Bhutan;celestine55@wolf.net;1986-07-05;http://www.kilback.net/
40;Hintz-Reynolds;Vanuatu;rwelch@keebler.net;2001-02-15;http://www.bergnaumkulas.com/
41;Kirlin PLC;Sri Lanka;mandy21@bashirian.com;2008-02-02;http://www.johnstonboehm.com/
42;Rippin, Senger and Gleason;Tonga;sam.kiehn@lynchheller.com;1992-12-09;http://www.pollichkunze.com/
43;Hoppe-Breitenberg;Palestinian Territory;goyette.brant@heaneykoepp.com;1973-03-17;http://www.altenwerth.net/
44;Bailey, Jones and Schaden;Mali;buckridge.georgianna@koch.com;2005-09-07;http://www.beer.com/
45;Kub-Hoppe;Mexico;wkuhlman@gutkowski.com;2012-01-05;http://www.ryan.com/
46;Hudson LLC;Cook Islands;cordelia98@ritchie.info;1996-04-12;http://stehrwill.net/
47;Weber Group;Cocos (Keeling) Islands;wbradtke@huelcarter.org;2019-12-31;http://www.harris.net/
48;Hayes-Kuphal;American Samoa;hellen48@douglasbartell.com;1977-09-08;http://www.ornmonahan.com/
49;Paucek Group;French Polynesia;wunsch.stanford@hartmann.biz;1975-10-07;http://www.schaden.net/
50;Morar-Zboncak;Cayman Islands;karley41@feeney.net;1976-10-18;http://gulgowski.com/
51;Kiehn Group;Ecuador;avis.turcotte@lefflerokuneva.com;1991-04-24;http://www.medhurst.com/
52;Leuschke PLC;Brazil;streich.patience@schulistmayert.info;1985-01-27;http://bechtelardeckow.com/
53;Dach-Johnston;Comoros;nicolette.mcdermott@walterharvey.com;1977-12-11;http://purdy.info/
54;Ledner-Klein;Antarctica (the territory;nikko30@bechtelar.com;1976-12-03;http://www.damore.com/
55;Schimmel-Steuber;Aruba;heaney.albina@schroeder.com;2014-08-06;http://oconnerheidenreich.net/
56;Flatley-Denesik;Guernsey;brown.emily@prohaska.biz;2005-07-06;http://www.goldner.com/
57;McClure and Sons;Panama;tillman.lambert@collierrodriguez.com;2012-07-05;http://schimmeldenesik.com/
58;Lockman, Durgan and Russel;Botswana;baby59@hayesbuckridge.biz;2017-10-29;http://www.parisian.org/
59;Koss-Bergnaum;Vietnam;lesch.marjolaine@raynor.com;1998-08-15;http://www.krajcik.info/
60;Kessler Inc;Gibraltar;orpha.nolan@powlowski.biz;1990-08-09;http://wisoky.com/
61;Kihn-Hilpert;Barbados;deshawn06@pacocha.org;1992-03-29;http://mayer.com/
62;Leuschke Inc;Equatorial Guinea;trempel@lemkelittel.biz;2018-01-25;http://www.romaguerahettinger.com/
63;Champlin, Vandervort and Gleason;Botswana;hmcdermott@turcotte.com;2003-08-11;http://reingersipes.com/
64;Ritchie and Sons;Tokelau;moore.lilla@murazik.com;1995-02-13;http://schmeler.com/
65;Russel, Heathcote and Hilpert;Cyprus;steuber.max@barrowskeebler.net;2011-11-24;http://rowe.org/
66;Kuvalis Ltd;Papua New Guinea;haleigh.fadel@dachwisoky.com;2019-07-13;http://www.padbergrolfson.com/
67;Russel-Quigley;Northern Mariana Islands;lyric12@schusteryost.com;2000-06-28;http://www.hamill.net/
68;Streich, Turner and Reichel;Saint Helena;hhackett@jones.com;2005-02-12;http://www.simonis.org/
69;Hintz-Bahringer;Thailand;shanon62@jacobs.net;2003-01-21;http://hamill.info/
70;Schumm Ltd;Puerto Rico;mustafa59@waters.biz;1996-06-07;http://www.murphyturcotte.net/
71;Prohaska, King and Hoppe;Tunisia;qpollich@franeckihackett.net;1984-07-04;http://andersondonnelly.info/
72;Powlowski, Jacobi and Herzog;New Caledonia;bridie31@rauabernathy.com;2000-09-12;http://www.auer.biz/
73;Klein, Mayert and Waters;New Zealand;ullrich.martine@colliermosciski.com;1976-01-29;http://www.lynch.com/
74;Douglas PLC;Finland;lkerluke@wolfftremblay.com;1971-10-09;http://www.shanahan.com/
75;Streich, Effertz and Maggio;Suriname;dorris02@fisherschaefer.com;2003-06-01;http://gottlieb.org/
76;Wisoky and Sons;Zimbabwe;mary.white@kundepowlowski.org;1999-01-31;http://www.mueller.com/
77;O'Reilly PLC;Cape Verde;melissa60@labadie.com;2012-08-12;http://www.schmittkilback.com/
78;Gislason, Emmerich and Schiller;Senegal;lucie91@harris.com;2020-09-21;http://runolfsdottir.org/
79;Cruickshank Inc;Nauru;lauretta71@davis.biz;1971-05-17;http://www.bernier.com/
80;Schroeder, Marks and Stamm;Aruba;maria91@effertz.com;1979-05-04;http://gorczanyokon.com/
81;Lebsack-Hoppe;Uruguay;jaycee.rutherford@baumbach.org;1985-04-10;http://www.bailey.info/
82;O'Keefe-McCullough;Wallis and Futuna;janelle.corkery@mcclurelebsack.com;2013-08-30;http://www.harber.com/
83;Rutherford-Kreiger;Singapore;lucienne70@feest.net;1973-02-06;http://bayer.net/
84;Dickens PLC;Mongolia;schiller.derick@thiellubowitz.org;1993-10-20;http://simonis.biz/
85;Klein, Goodwin and Howell;Swaziland;ddouglas@larson.org;2004-07-17;http://www.morissettecole.com/
86;Hartmann Ltd;Guatemala;gaylord.scottie@crona.com;1976-04-16;http://www.gaylordharvey.com/
87;Homenick Group;Nauru;amelia.corkery@kuhlman.com;2010-07-29;http://www.klocko.org/
88;Herman, O'Keefe and Littel;Cyprus;callie.harvey@halvorson.com;1979-12-26;http://stehr.com/
89;Ortiz, Sporer and Bartoletti;Central African Republic;alexa08@ernser.com;1980-07-21;http://www.fahey.com/
90;Kub-Christiansen;Bulgaria;mark69@bayerfarrell.com;1994-05-27;http://gleasonthiel.org/
91;Kirlin Inc;Brunei Darussalam;cassin.tara@hamill.com;2002-10-27;http://lang.com/
92;Nitzsche, Weissnat and Abshire;Equatorial Guinea;bert33@bechtelar.com;2003-05-12;http://www.runolfsdottirkoch.com/
93;Ankunding-Cruickshank;Somalia;gibson.candelario@bergstromhermann.com;2017-02-14;http://www.krismetz.org/
94;Bosco-Lueilwitz;Thailand;cydney.barrows@konopelski.com;2008-10-19;http://www.marvin.com/
95;Schmitt-Schinner;Hong Kong;lowe.francesco@mcclure.com;2000-07-11;http://www.gleichnerbruen.com/
96;Anderson-Boehm;Chad;queen94@kreigerrogahn.com;1972-05-30;http://www.bartell.com/
97;Williamson, Hyatt and Klocko;Ukraine;lauryn04@von.com;1976-07-21;http://moore.info/
98;Botsford-Harris;Paraguay;monique.corwin@champlincollins.com;1989-08-30;http://jaskolski.com/
99;Ebert PLC;Indonesia;sadie94@boylecorkery.com;1988-04-23;http://www.schaeferkemmer.biz/
100;Funk Inc;Comoros;pcarter@terry.com;1982-12-18;http://klocko.info/