dni;name;country;email;post_code;street;num
00140678l;Christa Windler;United Kingdom;maria.kuhn@gmail.com;71972;Morar Pike;180
00316596s;Miss Lenora Wunsch;Puerto Rico;stella.emard@yahoo.com;77500;Albina Terrace;156
00360564m;Nova O'Hara I;Kyrgyz Republic;ophelia81@hotmail.com;53015;Mayert Trafficway;46
00404819o;Lauretta Gislason;Bhutan;quigley.maverick@gmail.com;68446;Schaden Drives;109
00468893c;Roma Wiegand V;Botswana;utromp@yahoo.com;87054;Morissette Turnpike;102
00472313i;Jeremie King;Saint Lucia;gheller@hotmail.com;89702;Williamson Prairie;50
00521001x;Ronny Grimes;Taiwan;barry.gulgowski@yahoo.com;66142;Gussie Heights;136
00625314t;Mr. Garth Ortiz;Djibouti;hipolito.swaniawski@hotmail.com;80965;Rossie Rue;19
00632987c;Mr. Miller Kemmer II;Turks and Caicos Islands;sallie97@hotmail.com;29731;Michale Spur;190
00689969p;Richmond Rolfson;Mozambique;brady.nicolas@hotmail.com;70231;Olson Mission;63
00991811l;Kaden Turcotte;El Salvador;wanda.runte@gmail.com;14304;Coty Loop;103
01001271m;Amina Kessler;French Guiana;carlie79@gmail.com;4600;Gisselle Passage;108
01079556r;Angelica Kuhic;Montserrat;julio84@yahoo.com;88302;Retta Viaduct;160
01100336i;Robb Reichel Jr.;Nicaragua;conn.teagan@yahoo.com;36195;Einar Junctions;22
01155061b;Miss Delpha Kreiger;Antarctica (the territory;ksawayn@hotmail.com;94182;Bauch Creek;128
01406766k;Dr. Nolan Mitchell Sr.;Sri Lanka;mayer.estell@gmail.com;33444;Andy Pine;191
01412013k;Donnie Stracke;Bhutan;greenholt.phoebe@hotmail.com;70085;Leuschke Street;78
01420920h;Ms. Elenora Moore;Antigua and Barbuda;rashad.ondricka@yahoo.com;73108;Klocko Harbor;129
01444459p;Joana Hyatt;Germany;ystreich@yahoo.com;6959;Mya Crescent;180
01720674y;Kailyn Jacobi;British Indian Ocean Terr;kozey.madie@yahoo.com;70870;Parker Pine;197
01813820w;Nicholaus Lesch;New Zealand;witting.noemie@gmail.com;86290;Hegmann Route;60
01853508i;Miss Margarett Thompson IV;Afghanistan;cummings.annamae@yahoo.com;56024;Hirthe Turnpike;164
02030381p;Lia Rice;Pakistan;alan.roberts@yahoo.com;91386;Teresa Parkways;112
02179526x;Ulices Abshire;Timor-Leste;sanford.lempi@yahoo.com;54094;Hickle Radial;118
02205467r;Adolphus Labadie;Lebanon;rdicki@hotmail.com;90341;Deron Junctions;21
02275028k;Mr. Dwight McGlynn Sr.;Comoros;kianna.auer@gmail.com;27788;Shyanne Freeway;181
02286569a;Mrs. Lavina Hammes;Montserrat;eve46@hotmail.com;87759;Isidro Center;124
02354650s;Casper Gutmann;Israel;reta.klein@yahoo.com;40694;Gislason Lights;80
02446107x;Denis Koelpin;Nepal;taya.hagenes@hotmail.com;52362;Waters Court;83
02497227a;Greta White V;El Salvador;lilly52@gmail.com;6610;Rohan Rue;16
02780704g;Carlos Sauer;Venezuela;kory79@hotmail.com;56939;Kelsi Square;78
02785375m;Miss Pearl Wyman;Zambia;keebler.jeff@gmail.com;58081;Benton Mission;171
02882252a;Reinhold Bauch PhD;Nepal;daphne61@gmail.com;45668;Mann Fork;127
02925911f;Arely Thompson PhD;Mozambique;meta.kunde@hotmail.com;38469;Greenfelder Hill;76
03031546v;Dr. Gussie Schuster;Montenegro;halvorson.kamren@hotmail.com;12240;Terrance Via;13
03284636i;Lenora Gibson V;Saudi Arabia;emie.von@hotmail.com;4743;Koepp Ford;7
03431434k;Dawn Hettinger;Lithuania;sboyle@hotmail.com;74204;Sunny Mountain;122
03505382j;Mrs. Janice Barton V;Cuba;pattie.wisozk@yahoo.com;57537;Hubert Place;7
03615732f;Joelle Skiles;Cyprus;borer.leda@gmail.com;33588;Reichel Dam;134
03763040k;Aditya Nolan;American Samoa;vsteuber@yahoo.com;83208;Naomie Points;181
03996297y;Nyasia Terry;Ukraine;yasmin.shanahan@gmail.com;50557;Volkman Overpass;171
04091269f;Magnolia Hintz;Bouvet Island (Bouvetoya);macie.bogan@yahoo.com;67339;Kara Wells;84
04120240k;Jayme VonRueden;Tanzania;marty.emard@yahoo.com;94148;Donnelly Lock;17
04132932z;Lafayette Dickens IV;Svalbard & Jan Mayen Isla;rogahn.alva@yahoo.com;35870;Reilly Lights;109
04167986y;Dr. Judson Doyle I;United States of America;inicolas@hotmail.com;15827;Conroy Pike;1
04521190p;Mrs. Lilliana Schuster;Guatemala;vgorczany@yahoo.com;52149;Corwin Station;143
04544965x;Kirk Davis Jr.;British Virgin Islands;ziemann.kaycee@yahoo.com;29476;Olson Pass;189
04625384w;Samanta Tillman I;Jordan;white.sid@yahoo.com;19486;Kessler Burg;39
04732283w;Trever Roob;Antarctica (the territory;keira.runte@yahoo.com;81337;Grady Island;93
04851924y;Dr. Stephon Muller;Zambia;tgleichner@yahoo.com;12972;Audra Port;109
04889590f;Miss Dandre Murray Jr.;Niger;gusikowski.jammie@hotmail.com;43917;Viviane Falls;148
05172660b;Ms. Caitlyn Stroman II;Greenland;herminia82@yahoo.com;57081;Jaylen Extensions;114
05190016p;Makayla Von;Cayman Islands;runolfsson.alessia@hotmail.com;49626;Rosalia Radial;61
05247055t;Tate Medhurst II;Burundi;jrohan@gmail.com;48897;Funk Cliffs;112
05327712w;Mercedes Altenwerth;Switzerland;sauer.melissa@gmail.com;61150;Natalia Rest;60
05357912z;Russell Welch;Algeria;akeem67@hotmail.com;23784;Jaylen Island;161
05430332j;Richmond Schroeder;Montenegro;bprohaska@gmail.com;19342;Douglas Dale;91
05453729h;Ashtyn Wisoky;Faroe Islands;tyra.smith@gmail.com;86419;Elody Corners;95
05556455x;Fatima Cremin;New Caledonia;xrunolfsdottir@yahoo.com;85043;Deontae Tunnel;108
05578864m;Mrs. Carley Runolfsdottir;Sudan;kessler.hattie@gmail.com;10401;Marisol Stream;157
05615646n;Dr. Blake Schmidt IV;United Arab Emirates;hoeger.sabrina@hotmail.com;25827;Leanna Road;138
05761946g;Dr. Florian Price MD;South Georgia and the Sou;bashirian.idella@gmail.com;90637;Elmo Well;39
05876697b;Sven Braun;Jordan;bauch.tony@yahoo.com;55272;Ferry Pines;198
05885601r;Dr. Alfonso Johns;Sri Lanka;vschuster@hotmail.com;15672;Charlene Motorway;133
05954790t;Loyce Nolan;Cook Islands;boyer.isaiah@gmail.com;51108;Tyshawn Greens;163
05990809r;Jaqueline Reichert;French Polynesia;earlene.weber@hotmail.com;64693;Gulgowski Rue;140
06028390m;Ciara Abernathy;Greece;d'amore.santino@hotmail.com;39993;Tyra Streets;105
06029495g;Tanner Torphy;Saint Pierre and Miquelon;rprohaska@gmail.com;13563;Reinger Court;60
06150088h;Prof. Daryl Wunsch III;Tajikistan;albina80@gmail.com;33140;Rosanna Manors;64
06235429q;Mrs. Tressie Mills II;Estonia;ofranecki@hotmail.com;99679;Hoeger Divide;8
06250148x;Birdie Cronin;Korea;bryana67@yahoo.com;12332;Letha Rapids;104
06311623t;Petra Aufderhar;Iran;armstrong.gerald@yahoo.com;37487;Sven Forest;71
06346184j;Prof. Charlotte Quitzon DVM;Benin;reynolds.omari@yahoo.com;35982;Chase Rue;64
06423435v;Jonathan Ondricka MD;Macedonia;maximus92@hotmail.com;58938;Murazik Lodge;106
06453548t;Karlie Harber MD;Chile;richie59@gmail.com;51279;Sigrid Heights;111
06522935i;Paul Kozey;Montserrat;orrin.boyer@yahoo.com;44914;Maureen Fall;10
06612488n;Nels Crona;Nepal;samara.roob@yahoo.com;59090;Brett Locks;11
06783950u;Lisette Auer;Tokelau;romaguera.kayden@yahoo.com;18941;Funk Cape;36
06982020w;Jarvis Weissnat;Ghana;ron.muller@gmail.com;2813;Deckow Circles;172
06993031r;Ms. Elenora Monahan III;Kenya;tanya.lemke@hotmail.com;76432;Alta Causeway;146
07127120h;Prof. Calista Koelpin PhD;Gambia;johnpaul.ledner@yahoo.com;33200;Hessel Way;77
07153703r;Bella Jacobson;Sweden;francisco.thompson@yahoo.com;85481;Grady Track;13
07240889l;Darron Bartell PhD;Brunei Darussalam;gkreiger@yahoo.com;4596;Orn Haven;4
07279409r;Daphne Wisozk;Nauru;destini54@gmail.com;87412;Gulgowski Passage;187
07436387a;Sarina McClure;Dominica;mann.dillon@hotmail.com;5821;Schultz Canyon;115
07442822y;Damian Johnson;Niue;jett28@yahoo.com;19009;Angelica Via;133
07594597x;Mr. Tanner Rosenbaum Sr.;Malawi;ustanton@hotmail.com;91086;Darryl Crossing;73
07684752t;Anya Heathcote;Guinea;juston17@hotmail.com;23583;Langworth Mountains;176
07695854x;Caden Schulist;United States Virgin Isla;justen18@hotmail.com;77842;Geovany Groves;147
07745903t;Adaline Auer;Norfolk Island;sydney.waters@yahoo.com;67249;Ricky Neck;86
08001146n;Prof. Lonny Bechtelar DVM;Lao People's Democratic R;stephanie.ziemann@hotmail.com;82100;Jerde Parks;178
08013447f;Telly Mueller;Christmas Island;dayne.homenick@gmail.com;30907;Napoleon Well;12
08058508v;Martina Predovic;Nicaragua;bmante@gmail.com;32907;Walter Skyway;199
08398309i;Fatima Kling;Sudan;brando88@yahoo.com;71762;Rath Village;192
08418855r;Merlin Steuber II;Lebanon;gmann@gmail.com;23947;Bruce Lights;140
08743460j;Oran Hoeger I;Honduras;owilkinson@yahoo.com;10509;Daniella Island;153
08792240g;Chandler Heathcote;Ghana;tluettgen@hotmail.com;39522;Waters Mission;122
08995379h;Dr. Eladio Ward III;Cape Verde;durgan.juliana@gmail.com;7623;Heller Station;180
09007026r;Anjali Upton DDS;Kuwait;fswaniawski@hotmail.com;44602;Collins Plain;148
09173162x;Leanne Quitzon;Puerto Rico;o'conner.frederique@yahoo.com;77255;Nigel Centers;183
09249977h;Rebeka Feeney III;Andorra;therese59@yahoo.com;3929;Angeline Locks;72
09254951p;Prof. Rosendo Hermann Jr.;Malta;dpowlowski@hotmail.com;26303;Streich Ford;123
09327817d;Xzavier Murray;Malawi;carroll.dolly@gmail.com;79182;Magdalen Island;168
09405673k;Berniece Hartmann;Cambodia;ofunk@yahoo.com;3192;Altenwerth Inlet;142
09417261z;Jaclyn Abernathy;Iraq;kellie39@gmail.com;73072;Gene Vista;97
09419892m;Miss Joelle Christiansen V;Sweden;keira.waelchi@hotmail.com;11219;Medhurst Keys;72
09436472e;Alessia Hauck;Jamaica;considine.lurline@yahoo.com;94656;Milan Fords;101
09677443n;Adam Powlowski;Guadeloupe;vivian.heller@yahoo.com;62815;Dibbert Lake;192
09713063d;Ola Goldner;Botswana;boehm.jairo@gmail.com;2210;Baby Orchard;25
09743032m;Jane Jacobson;Norfolk Island;nola46@gmail.com;57009;Micah Glen;181
09777206l;Maude Blanda;Eritrea;odurgan@hotmail.com;15876;Watsica Square;101
09911678m;Gonzalo Stanton;Pakistan;jayde.windler@hotmail.com;21414;Wilton Wall;184
09930532b;Lindsay Legros DVM;Japan;emmanuel63@hotmail.com;89807;Rice Stream;62
09988514r;Aditya Carroll;Romania;hermann27@gmail.com;93566;Koch Islands;162
10009277d;Mrs. Kariane Schuppe DVM;Australia;ofelia71@hotmail.com;34671;Ward Stravenue;106
10196431l;Ulises Hoeger;Norway;monte72@gmail.com;1558;DuBuque Junctions;143
10383762k;Lempi Wehner MD;Comoros;hoppe.nestor@gmail.com;93990;Lynch Groves;102
10616041e;Blanca Abbott;Bulgaria;noe35@hotmail.com;236;Mertz River;19
10922744k;Mose Bradtke;Reunion;korey.smith@yahoo.com;2950;Leonie Mountain;182
10988269w;Lavon Williamson;Seychelles;onie90@yahoo.com;14069;Presley Hollow;172
11049337a;Mercedes Johns;Yemen;lewis.hilpert@gmail.com;57934;Kraig Stream;31
11072248i;Cecile Quigley V;Poland;enrico09@gmail.com;86060;Durgan Ways;105
11172880a;Billy Kirlin;Anguilla;alexa.bosco@yahoo.com;41099;Bode Trail;87
11190683e;Luis Koepp;Mali;caitlyn96@yahoo.com;83183;White Curve;120
11197804h;Eveline Ryan I;Niue;trippin@gmail.com;34897;Olen Coves;40
11233631d;Gustave Kulas I;Reunion;bosco.adelle@hotmail.com;56354;Kovacek Mount;127
11308733h;Juvenal Mills IV;Saint Martin;vincent23@yahoo.com;41490;Harrison Meadows;132
11481111x;Baron Cruickshank;Qatar;nmitchell@hotmail.com;2989;Marvin Heights;101
11580993b;Prof. Humberto King;Guinea;keenan.skiles@gmail.com;40812;Nolan Flats;13
11692104t;Dr. May Vandervort DDS;Dominica;lorenza.farrell@yahoo.com;25066;Schowalter Court;110
11771903x;Miss Nedra Gutmann;France;hane.kaia@hotmail.com;96321;Gregorio Port;151
11827813g;Shania Johns;Niue;london10@gmail.com;18034;Willms Ford;73
11833900h;Rosanna Ortiz;Georgia;jeanne.romaguera@gmail.com;43084;Major Prairie;197
11880222z;Abigayle Lowe;Tajikistan;bernadine72@gmail.com;80390;Blick Mount;191
11887682q;Syble Terry;Venezuela;orie94@yahoo.com;56451;Julien Ridge;125
11903420p;Prof. Duncan Greenfelder V;Liechtenstein;ottis24@hotmail.com;46411;Bosco Track;14
11957954l;Dr. Estell Huels DDS;Nigeria;watsica.justine@gmail.com;17453;Gutkowski Path;117
12024771x;Omari McCullough;United States Minor Outly;rose.breitenberg@yahoo.com;7197;Heathcote Courts;197
12490746m;Miss Jackie Quitzon;Eritrea;ronny.stroman@gmail.com;8953;Bode Mountains;89
12509269p;Miss Leda Ritchie DVM;Mozambique;juwan64@gmail.com;17435;Ledner Parkway;7
12684507j;Elna Steuber;Belgium;oda70@hotmail.com;38866;Hillary Shore;75
12902883r;Prof. Nadia Eichmann;Western Sahara;savion.hamill@yahoo.com;65662;Parker Green;187
12943145i;Jarvis Jenkins IV;Tokelau;shawn.reilly@gmail.com;90792;Berenice Shoal;0
12997979x;Ms. Estelle Nikolaus MD;United Arab Emirates;krajcik.tad@hotmail.com;12267;Dietrich Avenue;32
13278211q;Prof. Bonnie Aufderhar DVM;Central African Republic;alfredo19@yahoo.com;17533;Beier Square;82
13359092r;Xzavier Kulas IV;Brunei Darussalam;kaylie.parisian@gmail.com;59142;Nya Glen;20
13411313v;Mrs. Asha Roob PhD;Ethiopia;herman.mariano@hotmail.com;82299;Wyman Ridge;144
13414328c;Luigi Batz;Christmas Island;jameson56@gmail.com;4703;Goldner Divide;41
13547431f;Norris Raynor;Guinea-Bissau;willis.ziemann@hotmail.com;70891;Hansen Camp;63
13620373w;Mia Nicolas;Lithuania;dibbert.madonna@yahoo.com;66092;Maryse Overpass;8
13784008i;Miss Albertha Cruickshank;Czech Republic;elliott33@yahoo.com;37498;Antonette Crescent;87
13920122g;Luis Feeney;Falkland Islands (Malvina;oleta.considine@yahoo.com;11476;Alessandra Forges;110
14063672m;Eric Ullrich;Jersey;abigayle.dooley@yahoo.com;78192;Syble Shoal;198
14092792r;Koby O'Connell;Tunisia;o'keefe.carmine@hotmail.com;21745;O'Conner Curve;102
14207426b;Prof. Andre Shanahan PhD;Honduras;francesco.bradtke@yahoo.com;17768;Matilda Meadows;138
14209627g;Dr. Ladarius Anderson;Argentina;lmarquardt@gmail.com;20027;Presley Greens;178
14212388k;Prof. Frank Ward PhD;Australia;jacinto02@yahoo.com;80599;Farrell Circle;20
14219079s;Velma Lang;American Samoa;ewiza@hotmail.com;41283;Myrna Mount;5
14222929d;Bradly Hintz DVM;Japan;rdouglas@gmail.com;1093;Keon Mountain;69
14323630d;Alisa Gulgowski IV;Lithuania;collier.elbert@yahoo.com;36399;Whitney Summit;146
14343250k;Miss Martina Jacobs;Dominican Republic;renner.pattie@yahoo.com;81198;Gerda Junctions;116
14609539w;Ashtyn Herman;Algeria;miller.luis@yahoo.com;3675;Brown Wells;8
14697027w;Nolan Heller MD;Angola;iwalsh@gmail.com;19305;Larkin Lake;114
14789416p;Clovis Smith;Montserrat;kuvalis.kailey@hotmail.com;59343;Dominique Fort;50
14873014g;Clementine Hackett;Canada;kuphal.yoshiko@gmail.com;5853;Marks Manors;104
14968216l;Pierce Doyle III;Vanuatu;jennifer.moore@yahoo.com;86892;Constantin Corner;10
15044381o;Ms. Melyssa Williamson III;Mauritius;lhegmann@hotmail.com;94334;Arjun Pine;109
15051286y;Shawna Boehm;Romania;estella.kihn@hotmail.com;27120;Lorenzo Walks;101
15121874w;Clair Prosacco;Cote d'Ivoire;zschaden@yahoo.com;15276;Schuppe Plains;67
15315359n;Dr. Sammy O'Keefe;Netherlands Antilles;lroob@hotmail.com;69893;Friesen Trace;120
15349466o;Queenie Carroll MD;Nigeria;brice63@yahoo.com;30032;Kirstin Spurs;185
15444904b;Eriberto Mayert;Netherlands;nyasia.witting@gmail.com;4561;Dickinson Cliff;24
15539906f;Prof. Gordon DuBuque DVM;Northern Mariana Islands;qferry@yahoo.com;13630;Hessel Squares;36
15569695i;Prof. Kacie Klocko PhD;Angola;oren72@gmail.com;12979;Adams Square;93
15570816g;Zora Grady;Paraguay;maureen.torp@yahoo.com;75934;Alexie Glen;191
15772869a;Rogelio Orn;Congo;hyatt.rhett@gmail.com;13468;Lavada Squares;177
15779049i;Mustafa Bosco;Ukraine;ed.corkery@hotmail.com;50198;Huels Highway;55
15826957v;Prof. Suzanne Bosco DVM;Turkmenistan;orpha.ward@yahoo.com;60620;Elinor Place;171
16195842p;Prof. Neal Lueilwitz;Saint Lucia;cristopher24@hotmail.com;47344;Kuphal Shore;105
16211334t;Mrs. Joyce Bogisich;Guadeloupe;hwatsica@yahoo.com;39662;Stacy Grove;144
16318831k;Raul Moore;Christmas Island;trunolfsson@yahoo.com;65023;Johnston Shore;75
16492295x;Travis Turcotte;Zimbabwe;kassulke.makayla@gmail.com;49182;Marcus Wells;146
17015788x;Novella Cremin;Namibia;heather.koch@hotmail.com;75125;Maxie Park;176
17108193a;Casimir Ward;Cote d'Ivoire;ipurdy@hotmail.com;46779;Dare Park;113
17195521e;Henriette Krajcik;Namibia;freddie99@gmail.com;98877;Crooks Ranch;194
17223803d;Ms. Jessyca Rau II;Mozambique;marlen20@gmail.com;28177;Nienow Bridge;158
17394930f;Maci Johnson;Mali;buckridge.lorena@yahoo.com;85692;Waters Crescent;168
17459956j;Prof. Grant Beahan;Bulgaria;jack13@yahoo.com;60340;Mayert Orchard;70
17488303f;Dr. Abdiel Spinka;Kyrgyz Republic;carolina.prosacco@yahoo.com;32815;Efren Oval;58
17501138m;Dr. Lyda Beier;French Southern Territori;keara02@hotmail.com;3691;Gorczany Crescent;26
17621162b;Ms. Elsa Skiles V;Spain;dietrich.mikel@yahoo.com;27122;Satterfield Stream;121
18084411s;Colleen Bernier;New Zealand;ulices.becker@gmail.com;62222;Modesto Points;12
18126887x;Ferne Kihn;Congo;schuster.kraig@hotmail.com;24401;Goldner Passage;97
18150202c;Mr. Nathen Russel;Antarctica (the territory;cfriesen@gmail.com;62780;Hauck Manors;112
18197928t;Burdette Weimann;Brunei Darussalam;adickinson@gmail.com;19472;Welch Mount;176
18365638d;Herta Conroy DDS;Sri Lanka;callie89@hotmail.com;50616;Winnifred Ranch;132
18419370e;Corbin Block II;Costa Rica;destany33@yahoo.com;44594;Herzog Isle;148
18469712c;Frederique Jacobson III;Sri Lanka;to'connell@yahoo.com;11021;Murphy Junctions;171
18522217r;Sadye Christiansen I;Tonga;taya94@gmail.com;29888;Reichert Lights;6
18751373z;Julio Runolfsson;Belgium;rossie.feeney@hotmail.com;24542;Mueller Knoll;27
18806231w;Margot Collier;Barbados;gardner.lemke@yahoo.com;79930;Beer Streets;121
18853094b;Cleo Spencer;Isle of Man;schultz.don@yahoo.com;62070;Hans Throughway;76
18854600h;Maudie Ullrich;Bulgaria;julianne68@gmail.com;27204;Luettgen Lane;97
19017761a;Emmanuelle Blanda;Hungary;kassulke.jared@hotmail.com;90790;Haley Ways;122
19157340f;Arnaldo Hermiston;Saint Barthelemy;johnston.anissa@hotmail.com;43157;Sylvester Dale;84
19179685n;Winifred Vandervort;Qatar;trau@hotmail.com;86684;Grover Course;167
19292402f;Laisha Tremblay;Bolivia;deshaun91@yahoo.com;67105;O'Connell Ports;100
19404273d;Bernardo Raynor;Croatia;anabelle31@gmail.com;57112;Taylor Tunnel;15
19482808b;Owen Beier;Zimbabwe;ashton85@hotmail.com;61350;Nedra Drive;5
19531495x;Sandrine Fisher;Colombia;elenora.cummerata@yahoo.com;47938;Adriana Shoal;185
19727171k;Shaniya Herman DDS;Netherlands Antilles;sabrina80@hotmail.com;77730;Guillermo Neck;4
19868117c;Dr. Martina White DDS;Bahamas;adrienne.pfannerstill@hotmail.com;19465;Baumbach Harbors;76
20164578i;Jedidiah West;Guadeloupe;loy.paucek@hotmail.com;72728;Mertz Glens;82
20165252n;Jaylen Mraz;Bangladesh;bdavis@gmail.com;54122;Murray Roads;142
20219279f;Mrs. Shanie D'Amore;United Kingdom;marks.charley@gmail.com;45983;Dwight Rapid;155
20242923y;Marcos Cassin II;Andorra;ojacobson@hotmail.com;65196;Blanda Brook;150
20282996j;Miss Tamara Gleichner MD;Denmark;edythe.gottlieb@hotmail.com;63961;Vandervort Port;79
20293308r;Prof. Russ Sawayn;Canada;williamson.cooper@yahoo.com;10564;Beahan Shoal;185
20456076a;Dr. Gerhard Harvey;Timor-Leste;graciela.paucek@gmail.com;20572;Will Circles;75
20699754f;Alessandra Bergnaum II;Montserrat;daphne48@yahoo.com;25402;Emie Shore;147
20723345t;Lola Goyette;Cambodia;schinner.kaela@yahoo.com;62293;Gottlieb Roads;151
21010978l;Elroy Robel;Lesotho;paucek.ian@hotmail.com;32137;Audra Cliffs;103
21188611n;Darrel Hauck;Turks and Caicos Islands;nils44@gmail.com;45164;Homenick Courts;196
21339661q;Madilyn Gutmann;Faroe Islands;veum.emerson@hotmail.com;62883;Morton Lakes;44
21449306t;Mr. Arely Hirthe;Cote d'Ivoire;tdare@gmail.com;43346;Collins Station;143
21620313l;Anjali O'Conner;Tonga;murphy53@gmail.com;73163;Sheridan Drive;33
21896228m;Fred Nicolas;Svalbard & Jan Mayen Isla;prohaska.aurelio@gmail.com;54477;Vincent Burgs;176
22053440r;Ethan Bernhard;Uzbekistan;sydnie.wilkinson@hotmail.com;43814;Keara Oval;34
22079339x;Kim Skiles;Kyrgyz Republic;jovan.orn@gmail.com;15635;Heath Junctions;165
22118769r;Mrs. Marta Blick DDS;Kazakhstan;xavier.deckow@gmail.com;41735;Jadyn Circles;130
22142800x;Ms. Helga Cummings III;Eritrea;sharon.kozey@yahoo.com;48653;Effertz Pine;177
22258870e;Domenic Rice PhD;Luxembourg;althea.koss@gmail.com;57026;Rylan Island;160
22265658z;Patricia West;Wallis and Futuna;qheaney@gmail.com;97468;Alverta Course;148
22608185j;Karen Kuphal;Cyprus;thaley@hotmail.com;45601;Hettie Stravenue;168
22768211b;Loraine Schumm Sr.;British Indian Ocean Terr;grayson.hammes@hotmail.com;14297;Daniel Trafficway;151
22933194n;Carolyn O'Connell PhD;Bhutan;ryleigh.dickinson@hotmail.com;10821;Vernon Ranch;132
22934903o;Rubie Wiza;Liechtenstein;marion75@hotmail.com;55109;Riley Avenue;80
23161487u;Melvin Kirlin;Estonia;gislason.joanne@yahoo.com;45703;Paolo Dale;145
23452929n;Zelda Moore;Congo;hauck.ewald@gmail.com;61701;Ashtyn Fields;148
23495921u;Dr. Syble Ondricka;Saint Helena;alubowitz@gmail.com;1042;Casper Drive;189
23501685y;Eliane Weber;Mauritius;ilene86@hotmail.com;20211;Toy Views;24
23523054j;Cassandra Kiehn;Singapore;erdman.julia@yahoo.com;868;Jacinthe Dam;44
23611451k;Leonel Mayert;Jamaica;kertzmann.mortimer@gmail.com;97356;Jessika Views;125
23654071f;Litzy Ledner II;Anguilla;kelsi.parisian@gmail.com;71952;Anderson Road;146
23661859y;Lilliana Grant;Israel;domenico.steuber@yahoo.com;15246;Ignacio Via;93
23758888i;Devon Toy;Madagascar;maximilian.feeney@yahoo.com;4185;Hagenes Prairie;33
23840198q;Mireya Hessel;Micronesia;elyssa71@hotmail.com;20051;Hackett Keys;157
23843781m;Lurline Murazik MD;Guinea-Bissau;dayne.lockman@gmail.com;28330;Stiedemann Row;95
24033005a;Gabriella Glover;Luxembourg;daufderhar@hotmail.com;49496;Mann Camp;67
24062878z;Thaddeus Brakus DVM;Uzbekistan;emily78@gmail.com;26505;Ziemann Track;134
24124961a;Alessandro Hayes;Mayotte;lilyan59@gmail.com;29342;Schultz Crossroad;185
24169604g;Isabella Steuber Jr.;Reunion;marquardt.donavon@gmail.com;66728;Herbert Oval;173
24186130p;Noemy Altenwerth;Cape Verde;borer.nicholaus@yahoo.com;29119;Cassandra Mountain;17
24213866x;Bailey Kulas;Belarus;nestor.grady@yahoo.com;15978;Bogisich Square;113
24287040u;Marianne Gorczany;Gabon;jared23@hotmail.com;73071;Brakus Station;172
24289755z;Ms. Madalyn Berge PhD;Montserrat;chyna67@yahoo.com;94719;Jarrett Passage;83
24416691f;Mafalda Grady;Myanmar;marilie49@gmail.com;53507;Hessel Spurs;34
24556723f;Nina Graham;Mali;kuhn.larue@yahoo.com;13718;Connelly Court;112
24572940b;Miss Susana Lesch;Mali;kihn.jared@yahoo.com;78475;Muller Glens;36
24710920f;Bertram Graham;Myanmar;pablo51@hotmail.com;10211;Patience Path;55
24813859p;Dr. Mckenna Heidenreich;Jersey;lorna76@gmail.com;7441;Kuhic Branch;173
24887830m;Curt Kohler DDS;Egypt;dietrich.susanna@yahoo.com;83535;Elyssa Mountains;149
24990605x;Diamond Hackett;Iraq;idella20@yahoo.com;38480;Senger Burg;4
25171414b;Rhoda Schowalter;Paraguay;dorcas.parker@gmail.com;5169;Ciara Tunnel;25
25197902d;Sabina Lubowitz DDS;Kenya;roxane71@gmail.com;54293;Keon Squares;177
25303179c;Yesenia Bauch;Cote d'Ivoire;jones.susie@hotmail.com;43859;Boris Well;170
25317464i;Moshe Klocko IV;Hungary;antonina.howell@yahoo.com;79296;Bernier Gardens;63
25531169v;Noemie Wilkinson III;France;mherzog@gmail.com;20651;Feest Mountain;8
25628552c;Meda Pfeffer;Germany;mckayla.haag@gmail.com;64557;Bruen Center;116
25778239p;Garnett Heaney;Trinidad and Tobago;hillard66@yahoo.com;80174;Will Meadows;113
25778855o;Jeffrey Schaefer;Kyrgyz Republic;crawford06@gmail.com;91363;Schoen Springs;117
25839795e;Dr. Uriel Wunsch Sr.;Uruguay;elabadie@yahoo.com;9423;Wiza Via;51
25927603v;Prof. Douglas Kuphal;Iraq;mike21@hotmail.com;5979;Keeling Mountains;9
25940209c;Kip McLaughlin;Denmark;keenan35@gmail.com;52221;Corwin Fork;195
26016022s;Marlon Rosenbaum;Burundi;mose.parker@gmail.com;75671;Giles Spring;83
26090922h;Elsa Fay;Netherlands;walter.hulda@hotmail.com;29755;Antoinette Union;120
26112262o;Mr. Jordi Feeney;Mauritania;neha.sipes@hotmail.com;80396;Rath Spur;108
26264744w;Savannah Collier I;Bahamas;cassandre74@yahoo.com;59346;Marquardt Points;35
26267352e;Miss Dortha Berge;Kyrgyz Republic;turcotte.kirsten@gmail.com;40608;Roberto Locks;162
26284077z;Maybell Ondricka;Suriname;santos.sanford@yahoo.com;60265;Bulah Causeway;8
26360155j;Gussie Christiansen DDS;Suriname;beatty.kaitlyn@hotmail.com;50557;Schiller Stream;104
26540085h;Kelli Carter;Palestinian Territory;makenzie.mcglynn@yahoo.com;38319;Kirlin Mountains;185
26560259t;Mr. Jett Bauch MD;Tunisia;pwaters@yahoo.com;99625;Green Parkways;187
26645904z;Percy Nolan;Maldives;xlittel@gmail.com;54936;Winona Mews;191
26676340u;Eugene Wintheiser DDS;Grenada;dawn38@hotmail.com;63959;Ora Trace;181
26897547p;Zella Rodriguez;Colombia;boyer.tre@yahoo.com;22187;Pink Mill;8
26938895p;Miss Christine Carroll I;Togo;bkshlerin@hotmail.com;19691;Zieme Parkway;94
27021616n;Emmy Gutmann;Isle of Man;ava.schroeder@hotmail.com;15442;Juanita Springs;114
27051832s;Maureen Hilpert;Benin;garnett54@yahoo.com;60234;Josiane Glen;72
27176075n;Percival Cronin;Mayotte;wehner.susana@yahoo.com;43035;Harvey Tunnel;59
27370855d;Joy Hills;Pitcairn Islands;gibson.erick@yahoo.com;40952;Okuneva Port;131
27411332g;Giuseppe Schuppe;Nicaragua;wheaney@hotmail.com;40997;Oswald Falls;115
27731709e;Prof. Joan Stanton II;Timor-Leste;beverly.zemlak@hotmail.com;98900;Hoppe Fork;168
27795154p;Kennedi Okuneva;Norway;brussel@gmail.com;52422;Junius Ferry;34
27803529x;Milford Goldner V;Mali;tlangosh@gmail.com;10371;Lexie Crest;159
27867426x;Prof. Betsy Hahn III;Macedonia;mschuster@gmail.com;76447;Schoen Route;147
27937223s;Dr. Candelario Okuneva;Israel;yadira.rowe@hotmail.com;93142;Conner Forges;18
27987349i;Allie Fahey;Bermuda;cartwright.carleton@hotmail.com;45623;Domenico Vista;13
28171710e;Aisha Nader;Niue;karlee18@hotmail.com;50272;Murazik Street;121
28230382e;Helmer Parisian;Seychelles;marvin.declan@gmail.com;40010;Cecilia Hills;179
28281765s;Eugene Mayer;Slovakia (Slovak Republic;rogelio.cummerata@hotmail.com;17825;Sanford Parks;18
28315610z;Vilma Huel;Papua New Guinea;barney84@hotmail.com;30772;Gloria Lodge;186
28453603o;Destini Barrows PhD;Turkey;christopher.ondricka@hotmail.com;35887;Sawayn Mission;195
28707081b;Marlin Reilly;San Marino;morris47@gmail.com;74600;Paucek Tunnel;64
28912587e;Alison Halvorson;Brazil;oliver21@gmail.com;21508;Flossie Forge;148
28921882v;Ms. Elise Bernhard;Faroe Islands;londricka@hotmail.com;42661;Corkery Squares;127
28928456w;Soledad Wisozk MD;Greenland;bkoelpin@gmail.com;28109;Frami Brook;112
28961311n;Callie Runolfsson;Cuba;oral.huel@gmail.com;91612;Timothy Creek;200
29131639i;Dr. Demond Murazik III;Poland;wlind@hotmail.com;8828;Paucek Locks;164
29337161w;Grace Sawayn;Svalbard & Jan Mayen Isla;rafael89@gmail.com;99544;Rory Parkway;18
29368265v;Telly Kub IV;Comoros;dooley.hellen@hotmail.com;60430;Ullrich Prairie;186
29421605k;Rowland Medhurst;Nauru;tavares89@hotmail.com;89720;Yost Place;108
29529871v;Katelin Hoeger;Malta;guy70@gmail.com;31327;Einar Plaza;8
29609682i;Willie Simonis;Algeria;camryn.kerluke@hotmail.com;90725;Pouros Junction;62
29786654d;Karlee Goldner PhD;Tunisia;eo'keefe@hotmail.com;14725;Wilderman Roads;84
29856517z;Rose Hammes;Tanzania;ihessel@hotmail.com;17493;Kali Cove;135
29874446a;Neoma Schowalter III;Iceland;tkunze@hotmail.com;49377;Ike Lakes;146
29885178p;Maybelle Nolan DVM;Somalia;cratke@hotmail.com;20826;Robb Junction;39
29932915p;Sabina Reichert Sr.;British Indian Ocean Terr;forest75@gmail.com;96507;Koss Terrace;47
30354696x;Jordyn Hamill;Cameroon;wunsch.amelie@gmail.com;36088;Adam Lakes;176
30469374u;Demetris Langworth;Vietnam;jovanny16@gmail.com;85448;Arlie Islands;200
30621368a;Okey Heidenreich;Sri Lanka;haven.larkin@yahoo.com;22444;Helen Well;57
30664040y;Connor Senger;Latvia;carmelo02@gmail.com;20295;Wiza Groves;79
30718228j;Arne Koepp;South Georgia and the Sou;olin98@gmail.com;16541;Stevie Skyway;159
30749487p;Phoebe Kutch;Chile;abdullah47@yahoo.com;24827;Carissa Isle;163
30787402r;Ellie Bradtke;Tanzania;leilani.wisozk@hotmail.com;14001;Stracke Springs;88
30881946z;Mr. Gerhard Stanton;United Kingdom;klehner@gmail.com;58019;Murray Wall;155
31241768l;Maya Farrell;British Virgin Islands;berge.shanie@gmail.com;19479;Stephanie Plain;180
31392780z;Davonte Lubowitz;British Virgin Islands;nvolkman@gmail.com;86763;Rahul Radial;68
31398865l;Bettye Turner V;Holy See (Vatican City St;ycrist@yahoo.com;36704;Lesch Ports;160
31596812e;Dr. Imogene Hintz MD;Romania;nkovacek@gmail.com;24802;Daisha Crest;101
31736590r;Gerardo Nolan;Vanuatu;yorn@gmail.com;47584;Blanca Vista;42
31861602x;Declan Hane;Wallis and Futuna;wilkinson.holly@gmail.com;45290;Hirthe Green;143
31970442s;Mrs. Eloisa Franecki DVM;Ethiopia;swaniawski.irma@hotmail.com;92618;Marcella Overpass;151
32241770m;Russel Shanahan;Afghanistan;ugerhold@yahoo.com;71716;Eriberto Lakes;183
32363258b;Dr. Jayda Jacobson DDS;Jamaica;abernathy.roxanne@yahoo.com;42806;Hillard Corner;12
32528406c;Prof. Alana Hintz PhD;Malaysia;kleffler@hotmail.com;1835;Deanna Motorway;14
32669013r;Trystan Parisian Sr.;Mozambique;lesly69@hotmail.com;29492;Hayley Landing;48
32693643m;Aisha Lind;Kuwait;mcdermott.vivien@yahoo.com;57864;Runolfsdottir Creek;55
32743592w;Miss Kelsi Torp;Aruba;madge20@yahoo.com;40781;Kendra Inlet;101
32910362z;Archibald Jacobi;Kenya;dooley.judah@yahoo.com;81011;Ora Trail;93
32999830h;Elyse Hayes;Korea;barbara.hintz@gmail.com;31373;Abe Cape;126
33016749g;Roma Auer;Armenia;cloyd.klein@gmail.com;55317;Macejkovic Highway;65
33027222c;Carissa Reichert;Azerbaijan;kaycee56@yahoo.com;19127;Howell Courts;187
33105296v;Itzel Farrell;Western Sahara;felicity.buckridge@yahoo.com;37639;Sawayn Greens;54
33180194k;Lori Purdy;Angola;adell75@gmail.com;11475;Eliseo Islands;146
33193303g;Mrs. Justina Grady Sr.;Dominican Republic;rbeahan@gmail.com;19933;Mohammed Forks;40
33283130n;Mr. Danny Green DVM;Zimbabwe;ybednar@yahoo.com;38108;Sophie Drive;173
33491103m;Ms. Jackeline Stroman PhD;Northern Mariana Islands;nils.wilkinson@yahoo.com;52064;Adelle Mountain;174
33666423q;Arlo Lesch DDS;Finland;hodkiewicz.ines@yahoo.com;9915;Friesen Crossroad;55
33878018g;Kurt Smitham V;Guernsey;adelle.wiza@yahoo.com;78888;Shanie Viaduct;172
34290331j;Audrey Metz Sr.;Sao Tome and Principe;ystroman@yahoo.com;42860;Ankunding Stravenue;105
34523264o;Candice Bahringer;Georgia;nestor16@hotmail.com;2864;Heidenreich Bridge;94
34533658a;Dr. Donald Corwin;Antarctica (the territory;carter.bert@gmail.com;94912;Keshawn Mission;67
34556950u;Tom Emard;Kiribati;bruen.rhoda@yahoo.com;76833;Ondricka Square;189
34656767d;Rodrigo Braun;Zimbabwe;kaltenwerth@hotmail.com;5709;Abshire Summit;184
34679786v;Dr. Cleve Lemke;Guinea-Bissau;feil.irma@yahoo.com;14090;Cooper Track;44
34726455d;Leo Robel;Wallis and Futuna;hoyt.leffler@hotmail.com;97464;Grant Summit;88
34907524p;Deven Thiel;Comoros;francesca06@yahoo.com;55442;Rudolph Court;33
35103277y;Phoebe Mante I;Bermuda;tara10@yahoo.com;91628;Hintz Mill;59
35282831x;Sydnie Hirthe;Nepal;gmcglynn@gmail.com;83766;Hilma Springs;44
35426481u;Prof. Ariane Carroll;Qatar;golda.heller@hotmail.com;68030;Justus Courts;74
35474515y;Maria Halvorson V;Germany;leffler.ben@yahoo.com;23515;Lewis Street;82
35492426c;Sienna Hagenes;Kyrgyz Republic;alec74@gmail.com;50413;Salma Unions;77
35507634p;Mr. Vidal Upton Sr.;Belarus;o'conner.jonas@hotmail.com;62429;Von Crest;165
35557178c;Laverna Cronin DVM;Bouvet Island (Bouvetoya);odie.schuster@hotmail.com;67160;Velva Extensions;93
35597939q;Ms. Ardith Heller DVM;Barbados;nia17@gmail.com;1062;Deangelo Unions;86
35755101n;Marcus Robel;Sweden;lcronin@yahoo.com;28595;Hartmann Fields;172
35821821m;Armani Lynch I;Madagascar;senger.makayla@yahoo.com;40306;Marquardt Landing;140
35868090c;Constance Kozey Sr.;South Africa;katelyn85@gmail.com;98425;Christophe Street;200
35920230r;Stephon Kunze;Guyana;paufderhar@gmail.com;94458;Thompson Glen;151
36061880q;Joannie O'Reilly;Yemen;alexa52@gmail.com;59606;Bosco Highway;50
36208814y;Zoey Zboncak;Netherlands;margie.adams@yahoo.com;47605;Rau Roads;40
36266244u;Miss Chaya Shields DDS;Madagascar;uskiles@gmail.com;87827;Schaden Springs;183
36320830l;Andreanne Towne;Gambia;athena98@gmail.com;87393;Geovany Spur;108
36379822j;Alan Purdy;Georgia;emelia.cronin@gmail.com;19696;Johnson Street;118
36396638p;Miss Lavinia Heathcote;Myanmar;patrick53@yahoo.com;18395;Bogan Locks;32
36608782c;Cornelius Prosacco;Lebanon;hharris@gmail.com;63364;Delmer Brooks;194
36628399x;Arvid Funk DVM;Belarus;daniela42@gmail.com;35600;Maegan Wall;122
36630314i;Demond Grimes DDS;Nicaragua;bettye58@yahoo.com;48439;Shanahan Drive;93
36639734h;Leanna Greenholt;Macedonia;lindgren.florencio@yahoo.com;31454;Jacobson Common;98
36704210i;Mrs. Hellen Stehr;Bahamas;yolanda52@gmail.com;83457;Runte Roads;188
36736837i;Prof. Katheryn Hermann IV;Kenya;igutmann@gmail.com;94830;Lemke Mountain;116
36909730s;Mrs. Gwen O'Kon;Croatia;amparo.feil@gmail.com;89030;Bechtelar Bridge;162
36962766i;Gaetano Prohaska;Italy;hauck.palma@hotmail.com;2977;Farrell Station;131
37101351p;Isabelle Witting;Ecuador;georgette.hayes@yahoo.com;40014;Jaydon Throughway;120
37248776y;Prof. Catalina Nicolas;Saudi Arabia;newell04@hotmail.com;25700;Watsica Ferry;146
37254097s;Zion Hyatt;Philippines;gene83@hotmail.com;40050;Meda Prairie;196
37320939u;Vito Daniel;Costa Rica;amiya.erdman@hotmail.com;22552;Shawna Crossing;112
37362047g;Ms. Fatima Hand DVM;Benin;lucile89@yahoo.com;74987;Theresia Hollow;7
37403725m;Emil Moore;Senegal;hessel.samara@gmail.com;62244;Konopelski Port;58
37444275l;Helen Koelpin;Poland;fay.casey@hotmail.com;33717;Jacobs Corner;144
37448059a;Micheal Brown;Costa Rica;lori22@gmail.com;57639;Felix Cove;188
37474604c;Mafalda Balistreri I;Afghanistan;schmeler.brielle@gmail.com;39771;Marlee Gardens;16
37631886m;Prof. Alvera Stark;Kiribati;iyost@hotmail.com;59869;Lockman Trafficway;200
37704946d;Jaunita Will;British Virgin Islands;earnest.bode@gmail.com;58314;Runolfsdottir Circles;198
37907618e;Lizeth Herman;Uruguay;krajcik.justina@gmail.com;91466;Bridie Spring;143
37942986r;Amalia Mayert;France;mdickinson@hotmail.com;35066;Madisyn Forks;2
37948294p;Wyatt O'Kon;Guyana;tgrady@hotmail.com;66195;Zechariah Loop;100
38124929a;Kimberly Volkman;Qatar;gbernhard@gmail.com;88499;Schmeler Street;153
38125510e;Herman Ernser;Nepal;vpowlowski@yahoo.com;4750;Glover Inlet;191
38133628g;Ellsworth Halvorson;Colombia;stanton.ova@yahoo.com;78505;Litzy Orchard;25
38493851q;Clare Harris Jr.;Cocos (Keeling) Islands;mkonopelski@yahoo.com;79290;Reid Passage;134
38576807m;Miss Katherine Bartoletti;Tajikistan;kailyn74@gmail.com;26307;Schoen Square;72
38633056k;Nils Aufderhar;Belarus;rico.green@hotmail.com;95677;Prohaska Rue;162
38699216n;Tad Hane;Suriname;howell.giovani@yahoo.com;14480;Marques Spring;34
38862869e;Bethany Schmitt;Holy See (Vatican City St;wilfred.mclaughlin@gmail.com;49429;Kuvalis Court;27
38894189b;Tristin Crist;Ireland;annie.stehr@yahoo.com;98425;Rutherford Freeway;173
38905341g;Chelsie Maggio;Australia;devan46@gmail.com;23526;Quitzon Rue;46
39229384g;Prof. Macey Monahan;Austria;qparker@gmail.com;86790;Lueilwitz Club;148
39364678h;Alejandra Dickens IV;Bouvet Island (Bouvetoya);rowan20@yahoo.com;70465;Lelah Mills;149
39659812v;Dr. Maymie Berge I;Paraguay;kilback.willy@yahoo.com;62091;Madisyn Plains;10
39694787i;Ramon Johnston;Yemen;kwill@gmail.com;50723;Melba Bridge;25
39919244o;Anastasia Lind;Niue;ukerluke@hotmail.com;285;Altenwerth Extension;182
39923328k;Nat Watsica;Sierra Leone;madalyn68@yahoo.com;76700;Watsica Expressway;189
39932254k;Dr. Jace Hamill;Nicaragua;mmarvin@gmail.com;78276;Hilpert Row;30
39932827m;Lilla Gerhold II;Equatorial Guinea;fwolff@yahoo.com;90070;Moen Parkway;64
40006386l;Moises Crona MD;Korea;mwehner@yahoo.com;95827;Nicola Wall;105
40012596v;Jeremie Jaskolski;Mauritius;ismael.hilpert@hotmail.com;56946;Kuhic Freeway;37
40099398k;Mable Weissnat III;Switzerland;candelario72@yahoo.com;46549;Kautzer Canyon;30
40354217a;Obie Price;Cambodia;robb45@hotmail.com;76371;Altenwerth Skyway;25
40358287j;Lloyd Waelchi;American Samoa;cody13@hotmail.com;82936;Kacey Views;30
40672752n;Samir Reynolds;Turks and Caicos Islands;kobe49@hotmail.com;98815;Doyle Turnpike;149
40717072k;Dr. Myah Olson;Netherlands Antilles;caroline42@gmail.com;70815;Florence Isle;95
40735506q;Helga D'Amore;Timor-Leste;nikolaus.willie@gmail.com;43219;Amya Island;192
41012665t;Missouri Hartmann;Western Sahara;ludie.mcglynn@yahoo.com;35843;Barton Canyon;95
41063993k;Dr. Lillie Walter Sr.;Russian Federation;minnie.spinka@hotmail.com;19931;Eladio Dam;91
41286434i;Mr. Ransom Sauer;Cook Islands;amelia62@yahoo.com;50615;Johnathan Burg;27
41293062v;Jeremie Wolff;French Southern Territori;schowalter.jackie@yahoo.com;77460;Alysha Mews;126
41320141l;Kiley Koelpin;Colombia;camren84@yahoo.com;39302;Neva Rapids;47
41466014r;Kathryne Cruickshank MD;Faroe Islands;ila15@yahoo.com;71054;Helen Bridge;72
41793702q;Ida Graham;Honduras;herman.nettie@hotmail.com;60755;Gorczany Shoal;153
41811861g;Leora Kris;Djibouti;cfisher@hotmail.com;45988;Fatima Lane;97
41958579z;Genevieve Thompson;South Georgia and the Sou;hailie15@yahoo.com;97609;Dayna Spur;137
41961095u;Ford Quitzon PhD;British Virgin Islands;jhomenick@gmail.com;1339;Lela Flat;122
42054907i;Jefferey Hickle;Tajikistan;augusta.oberbrunner@yahoo.com;97803;Upton Creek;89
42142775g;Etha Oberbrunner;Wallis and Futuna;langworth.nya@hotmail.com;21770;Kristina Inlet;98
42339446h;Hobart Roberts;Israel;heaven78@gmail.com;12854;Harold Plaza;149
42579436c;Mrs. Alexandria Gibson DDS;Canada;jaskolski.karli@gmail.com;79377;Block Row;69
42610820v;Michelle Daniel;Czech Republic;erick.goodwin@yahoo.com;50186;Veum Springs;169
42781151c;Judd Denesik;Bahamas;felicity98@yahoo.com;47789;Rozella Stream;129
42835360h;Devante Daniel;Afghanistan;ahmed.ebert@yahoo.com;18085;Maggio Plains;199
42933777n;Dr. Theron Considine DDS;American Samoa;brigitte42@gmail.com;5450;Layne Terrace;69
42955011t;Jessika Renner Jr.;Palestinian Territory;ignatius09@yahoo.com;62312;Osinski Park;194
43024877l;Dr. Merlin Sauer;Greece;angie17@yahoo.com;2977;Jerad Isle;163
43110561c;Queenie Greenfelder;Haiti;leann.gaylord@gmail.com;28230;Simonis Meadows;191
43140906x;Gianni Trantow Jr.;Malawi;jaskolski.cyrus@yahoo.com;15520;Myah Radial;133
43359013e;Mr. George Corkery;Saint Lucia;rwilkinson@hotmail.com;23524;Stark Landing;78
43425954r;Mrs. Lacy Mante Jr.;Canada;cassie.hickle@gmail.com;79754;Cade Alley;45
43441126x;Judson Douglas;Mexico;celia21@yahoo.com;96614;Yost Locks;161
43468066y;Brianne Shanahan Jr.;Norfolk Island;brando.haag@yahoo.com;32540;Okuneva Canyon;133
43638620j;Harley Bergstrom Jr.;Netherlands Antilles;zmcclure@gmail.com;54413;Judah Ranch;89
43789448f;Mitchell Nader;Venezuela;mafalda.marvin@yahoo.com;69548;Gerlach Neck;99
43960289q;Ms. Dora McGlynn V;Montserrat;jaskolski.halle@gmail.com;14091;Windler Estate;49
44014179m;Wava Doyle;Israel;tschmitt@hotmail.com;70964;Clyde Motorway;76
44099362n;Blanche Bosco;Australia;zchristiansen@gmail.com;79047;Monserrate Street;181
44227448i;Valerie Nienow;Burundi;ellie.jakubowski@gmail.com;65287;Greta Mill;83
44275917v;Jacinto McGlynn;Cuba;nestor99@gmail.com;92432;Orville Forest;115
44515639e;Bernhard Heaney;Western Sahara;trodriguez@gmail.com;71686;Nicholas Greens;148
44556194x;Shannon Reichel;Bolivia;kohler.gwendolyn@yahoo.com;54277;Veum Extension;111
44595952p;Prof. Bobbie McClure;Austria;rleannon@yahoo.com;22984;Anita Cove;176
44679096l;Jewell Barton;United States Virgin Isla;patience.russel@gmail.com;29254;Funk Course;82
44743021h;Prof. Bradford Dietrich;Canada;mikel.swaniawski@hotmail.com;73465;Zoey Trafficway;166
44926217r;Bobby Schmeler;Armenia;olson.katelyn@hotmail.com;12634;Leannon Mission;96
44935153m;Dr. Zackary Koelpin Jr.;Cyprus;clehner@hotmail.com;84695;Ebert Viaduct;88
45156269l;Prof. Elenor Smitham;Romania;lonzo80@yahoo.com;38500;Vandervort Fords;159
45162986g;Dr. Patsy Schroeder II;Reunion;iullrich@yahoo.com;20618;Susanna Street;153
45233411i;Diamond Emmerich;Greece;brakus.rae@gmail.com;91543;Wilkinson Crest;118
45248023u;Troy Kub;Papua New Guinea;verlie36@hotmail.com;17597;Aniya Port;132
45251481j;King Pfannerstill;Western Sahara;ahermann@gmail.com;16614;Sasha Skyway;84
45362959h;Prof. Clifford Maggio I;Niue;murazik.amaya@yahoo.com;76716;Clay Isle;17
45386945n;Jett Quitzon;French Polynesia;parker.dejah@hotmail.com;41421;Bernhard Plains;146
45685115m;Prof. Gilda Haley Sr.;Saint Vincent and the Gre;zjohns@gmail.com;79975;Sporer Court;169
45700754l;Paolo Krajcik;Egypt;donnelly.karson@gmail.com;3724;Clifton Flats;142
46042115k;Trisha Dibbert;Sudan;cordell.schinner@gmail.com;16689;Marty Mews;112
46049298q;Bertram Smith;Monaco;fay.bosco@yahoo.com;6410;Miracle Port;106
46074275a;Prof. Javon Prosacco DVM;Andorra;ueffertz@gmail.com;2710;Kieran Pike;160
46303955h;Jazmyne Nicolas;Antarctica (the territory;river72@hotmail.com;29032;Ward Creek;128
46561137q;Bonnie Fritsch;Costa Rica;zhauck@yahoo.com;44771;Tony Ports;55
46609030g;Nelda Blick;Senegal;fbahringer@gmail.com;10382;Mills Ports;161
46671411h;Sheila Lynch;Iran;sim05@gmail.com;47565;Braun Way;128
46762204t;Dr. Chester Ritchie DVM;French Polynesia;tracey.oberbrunner@yahoo.com;26715;Howell Flat;185
46772458k;Electa Simonis;Saint Lucia;egoldner@gmail.com;3510;McDermott Underpass;125
46798893m;Mr. Cordelia Wuckert Sr.;Guatemala;dgraham@yahoo.com;64805;Randal Heights;89
46940917w;Durward Jakubowski;Seychelles;jhirthe@hotmail.com;64981;Rhoda Springs;153
46956729b;Gabe Rippin;Guernsey;markus.jones@hotmail.com;8136;Conrad Corners;58
47008024h;Lucile Ullrich;Georgia;schinner.sierra@hotmail.com;62620;Yesenia Light;200
47261760y;Kylee Luettgen;Sweden;lemke.abbey@yahoo.com;87868;Armstrong Skyway;172
47392146z;Elaina Strosin II;Bolivia;prosacco.angelica@gmail.com;82666;Hilll Lane;157
47531570u;Mrs. Antoinette Grady;Swaziland;schmitt.althea@hotmail.com;87412;Bertram Row;110
47606655k;Rollin Green;Sudan;krunolfsson@yahoo.com;78953;Wisozk Rue;12
47637860c;Dr. Jaycee Pfeffer II;Netherlands;fisher.brandon@hotmail.com;69983;Zelda Fork;24
47646312k;Rupert Quitzon;Antarctica (the territory;emard.carmel@yahoo.com;65609;Marks Valleys;70
47664453v;Pattie Cormier PhD;Palestinian Territory;mschiller@yahoo.com;1959;Raynor Mill;143
47673421h;Florida Grady;Guyana;gunner.herman@yahoo.com;11213;Berneice Ranch;4
47899378l;Carole Becker;Slovenia;vesta.glover@yahoo.com;31658;Johns Garden;8
47989088l;Dr. Kelvin Lemke V;Tajikistan;elza.herzog@hotmail.com;73119;Langworth Canyon;53
48113496s;Dovie Hermiston;Czech Republic;loma.howell@gmail.com;2474;Kunze Pass;180
48161933b;Mr. Royce Rau PhD;Azerbaijan;haley.ella@gmail.com;30068;Arvel Greens;198
48187885l;Deanna Mills;Turkey;fredrick.schowalter@gmail.com;3779;Swift Loop;50
48277263v;Mack Bailey;Iceland;theodora59@hotmail.com;46484;Goldner Shores;117
48347869f;Wade Kulas;Canada;daniel.ansel@yahoo.com;50905;Catalina Underpass;39
48457927l;Ignatius Swaniawski;Bolivia;schneider.craig@yahoo.com;22278;Schuster Springs;45
48565895e;Kristofer Fisher IV;Antarctica (the territory;wilderman.assunta@hotmail.com;94898;Judah Views;181
48670662i;Chester Herzog PhD;Somalia;tharber@hotmail.com;2560;Graham Rapid;76
48937261y;Mrs. Laurine Wisoky;Myanmar;lue84@gmail.com;3031;Agustin Plains;27
49119271u;Lorine Stark;Gibraltar;rosemarie36@hotmail.com;262;Jeromy Corners;182
49216365b;Dr. Sigrid Ruecker DDS;Hungary;kira.howell@yahoo.com;90281;Abbie Land;193
49415846g;Loren Trantow;Kyrgyz Republic;jaden.wehner@gmail.com;61975;Tyshawn Orchard;191
49588560v;Thaddeus Gislason;Albania;javier57@yahoo.com;32858;Tremblay Orchard;49
49727114q;Prof. Albina Connelly III;Norfolk Island;lueilwitz.sherman@gmail.com;12265;Carolanne Park;60
49754129v;Mr. Brook Littel V;Slovenia;dejon75@gmail.com;81595;Wendell Springs;28
49817972g;Kimberly Rohan;Estonia;aaron08@hotmail.com;88126;Helmer Walk;105
49990432k;Blaze Prohaska;Isle of Man;kellen.fisher@gmail.com;34279;Green Canyon;181
50030074s;Paolo Schmitt;Ethiopia;estracke@gmail.com;90458;George Knolls;193
50090217o;Libby Cormier;Maldives;orion14@gmail.com;40973;Lavina Ville;58
50259424i;Dr. Darren Bahringer;Kazakhstan;goldner.elinor@gmail.com;9630;Destini Radial;150
50272336a;Vernice Ernser MD;Faroe Islands;wbartoletti@gmail.com;24599;Kailey Isle;134
50399116r;Nestor Schinner;Martinique;hartmann.kendall@yahoo.com;57280;Barrows Summit;91
50726079b;Mr. Keagan Marquardt II;Austria;margot.stroman@yahoo.com;14725;Lehner Centers;97
50758258l;Raquel Cormier;Ghana;cecilia80@hotmail.com;84901;Trantow Dam;70
50822746a;Ciara Rau;Guadeloupe;wilbert75@gmail.com;72316;Bartoletti Courts;188
51004097u;Lonzo Lynch IV;Vietnam;wendy38@gmail.com;14164;Reynolds Fords;106
51229840m;Cale Mraz;Lesotho;corene.greenholt@yahoo.com;42346;Heidenreich Trace;153
51409501u;Conner Kautzer;Spain;tess16@gmail.com;10075;Schoen Wells;67
51592149m;Dr. Dena Lowe V;Holy See (Vatican City St;nicolas98@hotmail.com;89012;Parisian Land;183
51997355a;Bradly Erdman;Benin;sincere22@gmail.com;84603;Priscilla Expressway;79
52041517v;Prof. Wilfrid Larkin Jr.;Haiti;evan09@yahoo.com;97816;Shanie Avenue;138
52135512h;Maci Kerluke;Iraq;skylar.prohaska@hotmail.com;34043;Hellen Ferry;180
52195533g;Shaniya Block MD;Romania;simonis.lizeth@hotmail.com;83766;Keebler Via;96
52359938w;Alvera Farrell;Angola;bmoen@hotmail.com;330;Mohr Ramp;37
52386163t;Dallas Langosh;Micronesia;nikolaus.lane@gmail.com;23395;Beahan Meadow;186
52506793j;Miss Margarett Strosin;Monaco;twatsica@yahoo.com;14655;Tom Springs;191
52602905j;Dr. Korey Erdman I;San Marino;feil.mellie@yahoo.com;98800;Piper Unions;139
52666050k;Noelia Jacobson IV;Ireland;kiley.huel@gmail.com;92599;Bauch Light;77
52702381v;Mr. Rodolfo Gulgowski I;Ukraine;koss.khalid@yahoo.com;41640;Fay Hills;141
52743316f;Prof. Marcia Brown;Kuwait;gconroy@yahoo.com;98276;Fletcher Path;102
52843806w;Clotilde Grant Sr.;Lebanon;darby41@yahoo.com;13877;Lenny Islands;168
53057102w;Mr. Terence Witting PhD;Cayman Islands;goldner.janie@yahoo.com;35249;Cortez Plains;28
53081069a;Dr. Anna Howell;Lithuania;gleichner.calista@gmail.com;39651;Janis Run;22
53113089d;Haley O'Connell Jr.;Qatar;gerry67@gmail.com;42748;Casper Court;117
53212017a;Lisandro Hand;Panama;electa.blanda@hotmail.com;36124;Roberta Fields;130
53356554h;Kassandra Botsford DVM;Papua New Guinea;smills@hotmail.com;57864;Senger Mall;18
53431413l;Dr. Jerel Yost I;Italy;senger.marshall@hotmail.com;43898;Kemmer Flats;115
53448418l;Herta Tremblay IV;Saint Kitts and Nevis;mcglynn.cletus@gmail.com;97395;Bogisich Port;34
53636427k;Fredrick Pouros;Suriname;adrain.little@yahoo.com;76479;Diego Turnpike;72
53761059l;Tessie Hickle;Lesotho;lucienne06@gmail.com;11323;Schulist Manor;199
53799947c;Richard Dickens;Tunisia;runolfsson.malachi@yahoo.com;47215;Dora Forest;120
53881561v;Prof. Mayra Pagac;Tuvalu;jazmyn.purdy@hotmail.com;62710;Ari Oval;22
53907515k;Willow Nienow Jr.;Palau;ransom82@yahoo.com;37739;Blake Coves;4
54343387l;Bernie Schultz II;Korea;xcronin@gmail.com;46635;Sanford Points;188
54405211q;Darrell Kunze;Guinea-Bissau;delbert67@yahoo.com;77375;Powlowski Loaf;84
54662101n;Dr. Bennett Mueller MD;Finland;awolf@gmail.com;92801;Rudolph Fall;62
54814645k;Prof. Zoey Trantow V;Zimbabwe;helena.ortiz@yahoo.com;95605;Yost Wall;66
54838444u;Reyna Becker;Ireland;kyle96@hotmail.com;81176;Justen Street;10
54902067z;Prof. Freeda Powlowski;Mauritius;anastacio80@hotmail.com;19359;Audie Squares;20
54927164u;Dr. Gabe Jones MD;Ireland;brittany.stracke@hotmail.com;84749;Alexandrine Port;34
55033386x;Fleta Haley;Belize;cernser@gmail.com;77307;Runolfsdottir Skyway;168
55282917k;Christina Tremblay;Central African Republic;bradly62@gmail.com;66330;Vada Plains;117
55556892q;Dr. Lyric Lakin;Antarctica (the territory;jayda.kutch@gmail.com;19386;Stefanie Heights;106
55709699g;Enrico Reichel;Saint Martin;marlene.gulgowski@hotmail.com;81891;Clair Loaf;80
55853711p;Kaley Cronin MD;Italy;yvette.sanford@gmail.com;80472;Dante Islands;179
55995073p;Khalid Anderson;Anguilla;alvera.tillman@hotmail.com;54651;Crona Roads;171
56385043f;Dr. Twila Nader II;Palau;louvenia.hyatt@gmail.com;81428;Dicki Pike;148
56515556d;Golda Fadel;Cuba;willard.bergnaum@yahoo.com;60328;Hettinger Drive;26
56563675n;Albina Stroman;Serbia;alberta.stehr@hotmail.com;63720;Stoltenberg Camp;66
56596387z;Andrew Maggio V;Ghana;ondricka.horacio@gmail.com;6010;Schmeler Forks;158
56686522b;Eulah Kuvalis;Jamaica;geichmann@yahoo.com;18150;Caleb Hollow;38
56690981w;Katherine Crona;Yemen;ellis74@yahoo.com;274;Lora Prairie;80
56932634w;Gertrude Haley;Papua New Guinea;kurt40@gmail.com;17540;Garland Manors;68
56981825y;Dr. Eliane Funk;Russian Federation;jaiden.o'keefe@yahoo.com;88470;Jacinto Falls;111
57074181r;Royal Dach;Bangladesh;christina.lowe@yahoo.com;53868;Heller Row;74
57106798x;Creola Lesch;Greenland;gislason.shanny@hotmail.com;23537;Lacey Well;76
57117133k;Janae Glover;Azerbaijan;xgerlach@yahoo.com;4022;Estella Drives;88
57180625a;Earlene Ryan;Luxembourg;georgette16@hotmail.com;10342;Odell Estates;3
57207228b;Lillie Gusikowski;Brazil;o'reilly.felicia@hotmail.com;65056;Witting Springs;54
57510103l;Vilma Haley;Suriname;makenna.hahn@yahoo.com;60207;Agnes Common;181
57785121x;Dr. Ned Moen;Cyprus;enos43@hotmail.com;16577;Labadie Land;196
57871482x;Aylin Daugherty;Mauritius;etha.bayer@yahoo.com;35228;Esmeralda Meadows;77
57954931j;Roger Rau;Sudan;wuckert.federico@gmail.com;88784;Macie Track;41
57997893d;Torrance Rutherford IV;Thailand;lucy.schuppe@yahoo.com;1393;Rhett Shore;119
58010940v;Yasmin Gerhold;Czech Republic;tyree.nolan@yahoo.com;19348;Nelda Fork;88
58027782r;Maybell Harvey PhD;Lesotho;bosco.arlene@yahoo.com;79791;German Harbors;171
58060746l;Tatyana Heathcote;Turks and Caicos Islands;mikel67@gmail.com;78470;Botsford Villages;120
58102986y;Carlo Lesch;Korea;salvatore80@yahoo.com;69107;Kuphal Cliffs;142
58191026h;Miss Katelynn Heathcote I;Honduras;mertz.lukas@gmail.com;2286;Aufderhar Neck;23
58211616s;Genesis Kling;Sudan;gunnar.connelly@yahoo.com;2289;O'Keefe Drive;146
58633211h;Jules Moen;Moldova;xshanahan@hotmail.com;13591;Pearlie Island;90
58704947w;Missouri Feeney;Niger;casandra26@hotmail.com;6086;Hickle River;187
58843104b;Ms. Gilda Klein V;France;pollich.favian@hotmail.com;98900;Goldner Views;46
58844914h;Dr. Bernice Langosh PhD;Kiribati;garret.schuppe@gmail.com;40669;Emiliano Walk;130
58872053e;Wiley Mraz;Macao;breana.lindgren@hotmail.com;64957;Emile Orchard;36
59103968a;Nia Muller;Barbados;veum.madonna@hotmail.com;46224;Zakary Mills;41
59361279d;Monserrat Rutherford;Mongolia;mbalistreri@hotmail.com;51440;Kaci Neck;20
59548582v;Gregg Aufderhar Sr.;Singapore;nasir92@hotmail.com;84404;Glennie Mills;163
59595155t;Lydia Rolfson III;Saint Kitts and Nevis;clemens.boehm@hotmail.com;92718;Kertzmann Overpass;71
59618986d;Prof. Kory Runte Jr.;Falkland Islands (Malvina;stracke.mia@hotmail.com;29003;Hermiston Point;32
59790813h;Maxie Sawayn;American Samoa;stamm.ford@yahoo.com;58919;Ellsworth Divide;188
59808542n;Dr. Clara Hansen DVM;Dominican Republic;mauer@gmail.com;41812;Williamson Field;168
59882727l;Aiyana Sawayn;Reunion;o'hara.luisa@gmail.com;50153;Carleton Canyon;30
59933500h;William Bahringer;Falkland Islands (Malvina;trisha.medhurst@gmail.com;44053;Pagac Key;35
60023041p;Cade Abshire;Venezuela;ashley54@hotmail.com;57003;Ruecker Freeway;120
60042531w;Mr. Chesley VonRueden DDS;Nicaragua;estelle.koelpin@hotmail.com;60122;Derick Expressway;110
60169115o;Johnnie Walsh;Luxembourg;bahringer.esther@yahoo.com;33632;Watsica Brook;39
60258907c;Katlynn Wunsch;Burkina Faso;fermin52@hotmail.com;60808;Blick Stravenue;76
60443565l;Arnulfo Feest DVM;Malta;katrine.morissette@hotmail.com;27563;Leopold Squares;41
60658256m;Rosendo Johnston;Holy See (Vatican City St;mjohnston@yahoo.com;28496;Demond Court;93
60717633j;Tanya Walter I;Belgium;heidi.ledner@yahoo.com;11085;VonRueden Rapids;145
60883294h;Athena Erdman Jr.;Singapore;klocko.winfield@hotmail.com;53166;Eldora Meadow;55
60939870p;Arch Lubowitz DVM;United States Virgin Isla;etha14@yahoo.com;4216;Fritsch Rapid;174
60943880c;Corrine Kozey;Congo;reina52@hotmail.com;28809;Frami Oval;50
60964908u;Sadie Rempel;Palestinian Territory;reginald38@yahoo.com;86542;Maurine Corners;132
61046401o;Mr. Lonzo Wilderman;Jersey;liliana.lang@hotmail.com;63910;Marilie Lodge;3
61123963d;Dr. Coby Orn IV;Barbados;gwelch@hotmail.com;69845;Celestino Ports;26
61137645o;Ethan Bradtke;Montenegro;freeman12@hotmail.com;29714;Ludie Ferry;21
61247864n;Elinore Harvey PhD;Liechtenstein;nolan.alison@gmail.com;14698;Reese Groves;141
61365446u;Mrs. Emelie Hackett;British Virgin Islands;lcorwin@hotmail.com;79958;Glover Alley;93
61569318v;Ezra Streich;Christmas Island;kunze.terrance@hotmail.com;38123;Schmeler Route;132
61579472p;Dr. Ernestina Dach;Papua New Guinea;gay66@gmail.com;12974;Janis Club;142
61591567z;Darby Eichmann;Chad;lindgren.camilla@gmail.com;41560;Miller Freeway;179
61939407x;Cydney Gutkowski;Cocos (Keeling) Islands;edyth.thiel@gmail.com;75645;Eunice Expressway;158
61968785v;Prof. Jewell Simonis;Mozambique;gisselle.wisozk@gmail.com;9746;Juwan Estates;21
62112726d;Prof. Verna Kub;Martinique;stacy.hayes@hotmail.com;51075;Wisozk Crossroad;170
62116741s;Elvera Bashirian V;Mongolia;aurore.lesch@yahoo.com;50291;Greta Lodge;121
62220780h;Patricia Douglas Jr.;Saudi Arabia;srowe@hotmail.com;32249;Orn Crossroad;114
62594145p;Prof. Godfrey Rosenbaum;Czech Republic;beer.ebba@hotmail.com;62921;Corkery Green;187
62731641j;Easton West DDS;Wallis and Futuna;harris.sadie@yahoo.com;13666;Conroy Streets;88
62837290u;Prof. Isac Lebsack;Ireland;jacques.graham@hotmail.com;22348;Greenholt Mountain;20
62952429w;Mrs. Francesca Auer III;Georgia;feil.darren@gmail.com;61922;Carole Flat;67
62978470l;Ruby Kub;Cook Islands;ctillman@yahoo.com;92603;Herman Tunnel;46
63000671q;Leonardo Gerhold MD;Saint Vincent and the Gre;donnelly.guadalupe@hotmail.com;15021;Gerhold Mountains;108
63212260p;Barry Walsh;Congo;kilback.earnestine@yahoo.com;888;Doyle Unions;166
63295094l;Mrs. Katarina Schaden;Saint Lucia;mnolan@gmail.com;30205;Rolfson Plain;27
63300618g;Xander Emard;Chile;iharber@yahoo.com;57549;Candice Pass;53
63407303f;Gunner Satterfield;Lesotho;jabernathy@yahoo.com;67796;Everardo Park;73
63422505z;Dr. Royce Koepp MD;Switzerland;amelie.dare@yahoo.com;6377;Tremayne Viaduct;49
63524069o;Maegan Beier;Costa Rica;gaston.hahn@gmail.com;76600;Kohler Ports;85
63619644n;Kallie Gutkowski;Azerbaijan;qkris@yahoo.com;18404;Delbert Village;161
63747640u;Jeanne Runolfsson;Tuvalu;streich.hermina@yahoo.com;73058;Mraz Run;67
64262073c;Mr. Osvaldo Schowalter;Norway;jalyn.pfannerstill@hotmail.com;15000;Adolphus Rapids;81
64299481x;Sallie Padberg;Niger;brielle.runte@yahoo.com;37023;Christy Tunnel;29
64475668m;Prof. Isai Hammes;Slovakia (Slovak Republic;eli52@hotmail.com;13981;Hudson Park;154
64559362k;Guiseppe Kuhlman;Lesotho;lora17@gmail.com;61420;Pfeffer Burg;94
64656236h;Ellis Stiedemann;Swaziland;wwehner@hotmail.com;71068;Shields Terrace;193
64677119d;Miss Jane Veum DDS;India;o'hara.gabrielle@hotmail.com;86761;Dach Park;113
64790714a;Gregory Klocko;Israel;beer.shanel@yahoo.com;18101;Elfrieda Rest;124
64829327h;Arvid Herman;Guernsey;nick77@gmail.com;26729;Pagac Vista;103
65466397c;Prof. Edythe Erdman DVM;Isle of Man;hgrimes@hotmail.com;33711;Barrows Parks;162
65651086t;Estel VonRueden V;Algeria;rhamill@gmail.com;13281;Bogisich Key;131
65831282p;Adalberto Gleason;Puerto Rico;frank.lang@hotmail.com;66782;Kenyatta Circles;2
65853597q;Alvah Ratke;Russian Federation;feeney.melisa@hotmail.com;30837;Schaden Turnpike;6
66131800d;Prof. Toy Dicki;Saudi Arabia;clint80@yahoo.com;32839;Gerry Centers;136
66181032l;Adelle O'Conner PhD;Kyrgyz Republic;darren.glover@yahoo.com;34684;Dickinson Gardens;154
66195931a;Anika Becker;Fiji;norwood.funk@yahoo.com;75141;Kuhn Shoal;95
66540157w;Rod Jenkins;Sri Lanka;weimann.abel@gmail.com;66051;Megane Fields;96
66723244b;Cecelia King;British Indian Ocean Terr;jocelyn.emmerich@yahoo.com;39791;Thompson Trafficway;41
67064658h;Dr. Lew Hermiston;Guatemala;vmills@gmail.com;10162;Thea Plains;87
67231521s;Delbert Murazik;Singapore;adouglas@hotmail.com;85467;Hirthe Haven;49
67234311u;Annette Walsh;Finland;neichmann@yahoo.com;14870;Neal Trail;171
67261779y;Quinten Herman;Guatemala;jerrell18@yahoo.com;47440;Walter Shoal;20
67458807i;Prof. Erna Gusikowski V;Kyrgyz Republic;stanton.peggie@yahoo.com;59740;Pink Lodge;89
67466774g;Bettye Reinger;Reunion;wunsch.dessie@gmail.com;14826;Cruickshank Crossroad;148
67490391b;Sincere Kunze;Bahrain;kwilderman@gmail.com;45979;Anahi Mount;173
67573629e;Hoyt Dibbert;Micronesia;mkuhn@hotmail.com;39801;Keebler Manors;180
67625222c;Lucie Stokes;Guinea-Bissau;willy.tremblay@hotmail.com;24292;Heaney Streets;189
67675437e;Dr. Nikolas Carroll II;United Arab Emirates;lilla48@yahoo.com;95454;Mina Stravenue;111
67873653d;Alberto Murazik;Eritrea;murray.haley@yahoo.com;72019;Lang Curve;158
67887299f;Pansy Daugherty;Costa Rica;grayson23@gmail.com;61030;Hertha Expressway;98
68017219n;Mrs. Yadira Hegmann PhD;Luxembourg;wbins@yahoo.com;23616;Green Crossroad;196
68113733w;Ida McLaughlin;Guernsey;adams.calista@hotmail.com;88140;Sanford Hills;84
68118095h;Mr. Ronaldo Hoppe IV;Greece;conner47@gmail.com;70745;Naomie Forges;94
68152576l;Carrie McCullough;Papua New Guinea;maxie.toy@hotmail.com;62708;Merl Heights;107
68470167n;Kayden Kuvalis;Nicaragua;wvon@gmail.com;41347;Walter Vista;74
68574092x;Edmund Emmerich;Papua New Guinea;madisen59@hotmail.com;9428;Merle Mills;65
68881097p;Gerhard Willms IV;Northern Mariana Islands;kuvalis.austin@gmail.com;11721;Tamara Rue;91
69009027w;Bud Leffler;Chile;adrianna06@hotmail.com;95363;Ressie Knoll;19
69019349p;Helmer Braun;Cape Verde;jmills@hotmail.com;4861;Hettinger Wall;110
69060352e;Adrianna Flatley MD;Iraq;delmer.brakus@yahoo.com;32171;Carson Square;26
69220496v;Lloyd Moen;Madagascar;ohand@hotmail.com;71850;Kaden Extensions;126
69376048i;Dax Legros;Eritrea;coby23@gmail.com;99484;Bryana Pines;44
69439388i;Kasey Lang;Gibraltar;angela.leuschke@hotmail.com;74971;Kshlerin Fields;187
69441086j;Shaylee Rutherford I;South Africa;stanton.mozelle@yahoo.com;74446;Leannon Oval;7
69537584g;Cathryn Huel Jr.;Isle of Man;holly46@hotmail.com;92114;Isac Ports;191
69554039y;Casandra Thompson IV;Suriname;gennaro23@yahoo.com;23331;Stracke Square;0
69754047a;Derrick Bosco;Wallis and Futuna;west.brooks@yahoo.com;58377;Schaden Vista;24
69754691v;Linda Reichel;Falkland Islands (Malvina;ansel.herman@gmail.com;65421;Legros Trace;3
69757687t;Idell Kertzmann;Montenegro;lorine.kovacek@gmail.com;78046;Streich Villages;104
69761916b;Berniece Hessel;Namibia;braeden.kris@hotmail.com;57985;Mariela Trace;171
69864382i;Mr. Ulises Leffler;Honduras;maximillian.treutel@yahoo.com;41695;Jules Center;100
69873567x;Candida Goyette;Latvia;bashirian.heloise@yahoo.com;57240;Runte Fort;125
69883737s;Noah Watsica;British Virgin Islands;jnolan@hotmail.com;7802;William Cape;87
69896266t;Raul Bashirian;Germany;bailey.pansy@hotmail.com;42974;Kara Causeway;33
70024177g;Everardo Crona;Argentina;foster.rippin@hotmail.com;17115;Deshaun Glen;85
70089763t;Sabina Kuhic;Kyrgyz Republic;robel.hobart@gmail.com;60353;Brennan Cove;99
70148314r;Ms. Aubrey Mante I;Norfolk Island;bdare@hotmail.com;75406;Davis Park;91
70180591r;Bernice Hagenes;Christmas Island;harvey.joanie@hotmail.com;25971;Wilkinson Port;123
70184510f;Allene Spinka;Suriname;ratke.cary@gmail.com;70240;Juanita Roads;177
70275680t;Elyssa Beatty;Sudan;skeeling@gmail.com;76971;Zemlak Station;22
70359217t;Asa Bode;Chile;marianne.botsford@hotmail.com;55297;Nitzsche Hill;59
70408321g;Mr. Reagan Von DVM;Bulgaria;shields.garrett@yahoo.com;80568;Cummings Crescent;118
70856111p;Valentin Keeling Sr.;Iran;qlemke@yahoo.com;35984;Dach Dam;167
70878272x;Graham Walter;Botswana;erling19@hotmail.com;29833;Moore Isle;29
70929207k;Ms. Vita Rolfson;Tonga;wehner.edward@yahoo.com;76808;Phyllis Trafficway;68
70994984r;Mr. Eladio McKenzie;Tanzania;ines.herman@hotmail.com;48455;Medhurst Corner;67
71025515j;Merl Jacobs;Swaziland;gwendolyn.donnelly@gmail.com;93715;Gorczany Burg;147
71085869l;Jasen Ward;Kazakhstan;melba.schaden@gmail.com;31149;Satterfield Island;73
71450853t;Prof. Dudley Upton;Bahrain;kfeest@hotmail.com;921;Christ Shores;183
71507719q;Prof. Abelardo Raynor Jr.;Niue;victoria78@hotmail.com;3870;Ratke Stravenue;122
71544630j;Mariam Kunze Jr.;Palau;skuvalis@yahoo.com;19648;Ottilie Dam;102
71589627s;Allen Will;British Virgin Islands;kfriesen@yahoo.com;73912;Schmidt Cape;69
71663495w;Ms. Keira Wisozk IV;San Marino;xcormier@hotmail.com;92825;Champlin Estate;64
71777257w;Sallie Rogahn;Liechtenstein;smitham.andreanne@hotmail.com;84054;Dangelo Street;21
71926343x;Hadley Dickinson;Egypt;dereck.brekke@hotmail.com;58334;Donnie Views;76
72129920p;Giovani McClure;Oman;candelario56@yahoo.com;4495;Pacocha Summit;195
72209962f;Sallie Waelchi;Palau;queenie.jacobs@hotmail.com;87194;Anastasia Landing;18
72327012p;Ervin Wilkinson;Cocos (Keeling) Islands;alanis.bartoletti@hotmail.com;42657;Hirthe Islands;25
72395189i;Augusta Bradtke;Brunei Darussalam;rframi@gmail.com;99706;Conn Ranch;125
72415496t;Rashawn Johnson;Singapore;jlebsack@gmail.com;81090;Rosenbaum Trace;162
72454328s;Luciano Fahey;Reunion;skiles.sophia@hotmail.com;98796;Weber Tunnel;14
72526183j;Xzavier Kuhn PhD;Pitcairn Islands;ywisozk@yahoo.com;60372;Esperanza Inlet;123
72613789t;Earlene Cormier;Finland;abernathy.rico@yahoo.com;81786;Kihn Ridges;170
72626178d;Jacey Marquardt;Hong Kong;alda73@yahoo.com;12773;Stanton Circle;12
72652023n;Katelin Strosin;Vanuatu;ehirthe@yahoo.com;72941;Lind Shore;108
72702049x;Evert Satterfield Jr.;Liberia;swintheiser@yahoo.com;93444;Ronny Loop;5
72720838t;Adriana Hyatt;Turkmenistan;xmiller@hotmail.com;59361;Pagac Curve;111
72942511t;Eulalia Lind MD;Micronesia;ziemann.oren@hotmail.com;80081;Sage Trace;63
73215539t;Aurelie Rolfson;Egypt;keyon.eichmann@hotmail.com;82877;Eve Cliffs;4
73358234k;Nia Ebert;United States of America;penelope.pagac@yahoo.com;99492;Barton Freeway;130
73381269r;Dr. Walker Renner I;Tuvalu;anita05@hotmail.com;76241;Noe Port;60
73466714j;Cyrus O'Keefe;Micronesia;alexie72@gmail.com;49211;Bradly Road;176
73859319a;Spencer Lebsack;Turks and Caicos Islands;marcus.ruecker@hotmail.com;87417;Kaela Square;19
74109491o;Mr. Leland Nader DVM;Solomon Islands;marcel.bergnaum@yahoo.com;94941;Juvenal Fields;25
74247578d;Prof. Patrick Mitchell;Guadeloupe;zjohnston@yahoo.com;25129;Hermina Well;185
74314866o;Ms. Rowena Donnelly;Liberia;ashton.bins@gmail.com;29913;Kreiger Wall;116
74495074a;Chauncey Kertzmann MD;Singapore;rachel.feil@hotmail.com;46281;Rosina Bridge;177
74594639d;Lori Bergnaum;Grenada;hudson.izaiah@hotmail.com;75302;Legros Crossroad;153
74820076h;Mathew O'Connell I;Cape Verde;lauren.gibson@gmail.com;93501;Antonette Valley;46
74921069o;Mrs. Mozelle Mann;Netherlands Antilles;kub.sandra@gmail.com;81871;Clark Ways;88
74987518o;Adolf Tillman;Iceland;maybell.mayer@gmail.com;63778;Gerhold Prairie;145
75299935b;Mr. Colton O'Connell;Cocos (Keeling) Islands;keyshawn.huels@hotmail.com;24040;Bednar Orchard;59
75607730h;Dr. Jasmin Davis;Australia;jewel19@yahoo.com;82676;Tatyana Meadows;98
75667825n;Cecil Steuber PhD;Antigua and Barbuda;hagenes.marvin@gmail.com;22127;Grant Parkway;6
75784491j;Nico Roberts;Australia;trisha07@yahoo.com;99272;Rachael Mission;115
75892298z;Carmela Bartell;Slovakia (Slovak Republic;tyrese77@hotmail.com;7567;Addison Mews;28
75944493u;Aiyana Crona;New Zealand;kosinski@hotmail.com;21121;Vincent Trafficway;24
75979680i;Jolie Kiehn;Burkina Faso;amiller@yahoo.com;48740;Clovis Port;60
76045891q;Urban Ward;Venezuela;dorthy.greenfelder@hotmail.com;35730;Witting Key;66
76086607e;Jaylin Bartell;Guadeloupe;schuppe.creola@hotmail.com;69812;Marcelo Prairie;70
76143015i;Prof. Horacio McKenzie IV;China;arlene.renner@yahoo.com;74675;Breitenberg Parkway;167
76441313c;Rocky Reynolds;Canada;stanton.dorcas@hotmail.com;45808;Angelita Isle;173
76479295r;Mireille Hoeger;Lao People's Democratic R;vfranecki@yahoo.com;48048;Russel Branch;26
76720023q;Mr. Wilford O'Reilly Jr.;Guatemala;kiarra67@yahoo.com;81393;Darwin Brook;82
76734239s;Michele Smith;Russian Federation;brisa.stiedemann@gmail.com;41379;Aufderhar Lodge;82
76961442x;Benjamin Mayer;Antarctica (the territory;dubuque.edwina@hotmail.com;44224;Santina Ports;167
77036257j;Dr. Kyle Ferry;Turkey;mohr.yolanda@yahoo.com;84365;Bartoletti Village;97
77137881r;Arno Schuppe;Greece;pbraun@gmail.com;45481;McClure Oval;192
77369269w;Dr. Fabiola Moore I;Wallis and Futuna;norwood.effertz@hotmail.com;23566;Ziemann Green;82
77436977j;Santina Pouros;Jordan;delphia39@hotmail.com;17800;Montana Trail;96
77459559y;Miss Shana Pagac;Georgia;kessler.oda@gmail.com;28079;Gerlach Island;127
77662822m;Yasmine Strosin;Bhutan;noemie38@hotmail.com;23202;Emmerich Rapid;8
77688462i;Mr. Helmer Leuschke IV;South Africa;vita.shields@hotmail.com;11604;Kassandra Union;43
77701407a;Onie Mertz PhD;Israel;cathryn25@yahoo.com;75193;Torphy Fall;51
77705621q;Dr. Eloisa Witting V;Micronesia;ngutmann@hotmail.com;64861;Jaylon Lodge;165
77745134m;Colby Adams;Syrian Arab Republic;williamson.susanna@yahoo.com;97276;Abdiel Bypass;16
77815588w;Arely Yost;Mayotte;kendra.schuster@gmail.com;66350;Buckridge Locks;58
78060548z;Lilla Fahey Sr.;Bahamas;gilbert30@gmail.com;47343;Jacobson Corners;14
78310123y;Carleton Kling;Algeria;ernser.bell@yahoo.com;73501;Collin Divide;134
78379746i;Ayden Lubowitz;French Polynesia;anita.trantow@gmail.com;4259;Garrett Viaduct;139
78518489g;Carolina Koepp DVM;Lebanon;janae.raynor@gmail.com;19371;Cummings Loop;181
78640115o;Pat Borer;Peru;winfield.ernser@gmail.com;82928;Borer Union;187
78664477j;Krystel Gaylord PhD;Burundi;adam55@hotmail.com;93819;Kemmer Points;49
78737070l;Ms. Augusta Schamberger;Macedonia;alexandre12@yahoo.com;75553;Clemmie Station;124
78796114m;Porter Howe;Uganda;hagenes.jean@gmail.com;15089;Hassie Passage;96
78933636c;Harmon Sauer;British Indian Ocean Terr;edmund08@yahoo.com;17050;Candice Crest;105
79009126e;Deven Murphy Sr.;Indonesia;anissa.metz@gmail.com;21581;Abernathy Dam;44
79057780u;Prof. Krista Hilll;Czech Republic;kraig77@hotmail.com;99163;Antonio Villages;175
79076174t;Mr. Michel Mohr Jr.;Mayotte;ldenesik@gmail.com;29731;Karolann Dale;190
79138255e;Dr. Hazel Watsica;Antigua and Barbuda;leola20@gmail.com;23324;Neha Path;29
79207611m;Rosalia Batz;Bahamas;koelpin.maribel@gmail.com;91498;Abagail Village;151
79414439k;Margarita Walsh II;Austria;msatterfield@gmail.com;97922;Rau Highway;122
79464598g;Miss Yadira Mayer;Iran;tquitzon@yahoo.com;57044;McLaughlin Streets;43
79568639b;Ms. Karina Yundt;Montenegro;kovacek.birdie@yahoo.com;28448;Amir Parks;14
79742996n;Mrs. Daisha Paucek;Korea;janiya95@hotmail.com;94130;Lottie Burgs;45
79819053e;Bryce Langworth;Somalia;lbins@gmail.com;41855;Heller Spur;160
79924176k;Tevin Kunde IV;Tajikistan;leannon.sharon@hotmail.com;25930;Kirstin Glen;96
79982242k;Jacquelyn Fadel;Vietnam;medhurst.darron@gmail.com;50853;Adam Trace;33
80029713t;Morgan Baumbach;Hong Kong;antonietta.vonrueden@yahoo.com;58207;Rolfson Street;57
80035574x;Golda Block;Hong Kong;skutch@hotmail.com;64807;Torp Rest;74
80040487i;Gussie Mayert DVM;Palau;ggrady@yahoo.com;14135;Kaitlyn Mountains;97
80265544v;Dr. Jane Dicki;Botswana;trosenbaum@gmail.com;49839;Kemmer Drive;43
80340840k;Rodrick Stamm;Belgium;glenna.eichmann@hotmail.com;28189;Valentine Road;64
80566945i;Eveline Hintz;Bouvet Island (Bouvetoya);hortiz@gmail.com;66609;Lester Spurs;136
80598879r;Ms. Chaya Casper II;Palestinian Territory;babshire@yahoo.com;9605;Homenick Dale;158
80637165g;Dr. Julius Schowalter;Germany;david.kunze@hotmail.com;54529;Craig Mountains;144
80734480t;Boyd Ryan;Spain;feest.logan@hotmail.com;49683;Mose Creek;10
81099510s;Mrs. Fabiola Schoen DVM;Spain;batz.carmen@gmail.com;18587;Grimes Ferry;114
81160540e;Santino Russel;Nicaragua;cecile13@gmail.com;13433;Powlowski Tunnel;93
81256337i;Juwan D'Amore;British Virgin Islands;neoma.watsica@yahoo.com;92180;Fidel Greens;81
81317908a;Germaine Schumm;Niger;larissa.walsh@gmail.com;88880;Cara Crescent;82
81453367a;Braeden Corkery MD;Moldova;carole08@gmail.com;36016;Emmerich Turnpike;146
81478909e;Zola Huel Sr.;Oman;kuhic.bianka@hotmail.com;36091;Johnston Passage;140
81614459d;Prince Haag;Switzerland;melany.weber@hotmail.com;71465;Daugherty Club;43
81649631x;Tyshawn Von;Germany;lois.collier@gmail.com;81645;Swift Fork;106
81763774p;Dr. Roxanne Stamm;New Zealand;sschmitt@yahoo.com;53400;Kunde Forges;112
81893413p;Roger Ferry III;Qatar;josiah.pagac@hotmail.com;25722;Orion Junction;126
81919663r;Dallin Hudson;El Salvador;annamae.gutkowski@yahoo.com;60037;Conn Dale;192
81948306p;Adeline Keeling;Guinea;kennedi.walker@hotmail.com;58942;Laila Orchard;138
82025559m;Ms. Lisa Ziemann;Ecuador;west.vicente@gmail.com;78560;Dayana Road;150
82053626h;Anne Thompson;Latvia;plang@yahoo.com;77535;Lorenzo Pike;191
82059224j;Darwin Hayes;Switzerland;dasia94@yahoo.com;55179;Flatley Trail;95
82249082e;Kayley Howe;Martinique;xgleason@gmail.com;52652;Marvin Loaf;14
82401480y;Chanel Frami;Christmas Island;cary.weber@gmail.com;42705;Lehner Turnpike;78
82415344s;Amanda Legros;Tajikistan;blick.rae@gmail.com;48818;Yundt Motorway;63
82459809a;Ocie Klocko;South Georgia and the Sou;yvonne30@gmail.com;62858;Ena Skyway;69
82532700w;Shea Funk IV;Antigua and Barbuda;ptreutel@gmail.com;8736;Wilkinson Inlet;33
82541166x;Albin Johns II;Chile;marquardt.faustino@yahoo.com;66030;Jacobi Harbors;7
82559311r;Jacquelyn Grant;Uganda;corkery.adrien@yahoo.com;10245;Denis Run;113
82843528p;Addie Jacobs;Turks and Caicos Islands;erik40@gmail.com;15376;Dicki Vista;27
83021421c;Glenna Jacobi;Nigeria;erdman.dock@hotmail.com;28572;Walsh Valley;40
83096700f;Concepcion Reynolds;Estonia;orin90@gmail.com;27556;Pfannerstill Burgs;179
83127693b;Aurore Altenwerth;Comoros;ekuphal@hotmail.com;40228;Wiegand Fork;79
83133915w;Clair Ortiz DVM;Bhutan;zstehr@gmail.com;94394;Pagac Rest;13
83151264i;Sunny Lehner;Bahamas;ruby.feil@hotmail.com;14553;Randy Parkway;181
83329825a;Ally Schiller;Sweden;bauch.imelda@gmail.com;2248;Mariah Viaduct;49
83394238g;Mrs. Aniyah Beier IV;Cameroon;alvina34@yahoo.com;39611;Amely Road;190
83402390t;Prof. Keyshawn Tillman DVM;Liberia;njohnston@yahoo.com;6955;Considine Forge;37
83641817z;Miss Josephine Schneider Sr.;Monaco;jemmerich@hotmail.com;16986;Marge Alley;108
83674431r;Kaycee Cruickshank DDS;United States Minor Outly;arely.wisoky@gmail.com;78477;Valentin Motorway;194
83933247u;Jeremie Bauch;El Salvador;mayer.lauryn@hotmail.com;13380;Reymundo Key;118
83937716y;Mrs. Tamara Breitenberg I;Jamaica;felipa.hermiston@hotmail.com;30328;Langosh Point;36
84081274r;Mrs. Isabelle Wisozk DVM;Gabon;simonis.adan@yahoo.com;18696;Asha Stream;97
84111278a;Mrs. Nora Wisozk Sr.;Bhutan;daron.jacobs@hotmail.com;79407;Koss Harbors;200
84279684v;Virgie Nicolas PhD;Swaziland;cummings.francis@hotmail.com;18432;Xavier Villages;80
84343903y;Casimer Jerde;Wallis and Futuna;jazmyne32@hotmail.com;59402;Darryl Stravenue;198
84614533b;Dulce Raynor Sr.;Bolivia;kelton.deckow@gmail.com;51469;Padberg Cape;172
84707243u;Valentina Deckow Jr.;Madagascar;dbaumbach@gmail.com;75975;Tad Land;113
84788642e;Dr. Sven Walsh;Holy See (Vatican City St;lorine16@hotmail.com;99707;Herman Dale;44
84922617a;Al Prosacco;Fiji;nienow.terrill@yahoo.com;69126;Dach Key;163
85103682n;Trycia Schinner;Philippines;goldner.rudolph@hotmail.com;50062;Baylee Mountains;49
85110684e;Dr. Annabell Fahey V;Saint Kitts and Nevis;jamison26@hotmail.com;12685;Russell Highway;186
85142724h;Miss Maxie Beer;Belgium;stefanie.koepp@gmail.com;83537;Jaquan Shores;37
85208139d;Gail Olson;Northern Mariana Islands;mpfeffer@gmail.com;44850;Emilio Greens;9
85579429l;Mrs. Hope Walter Sr.;Spain;alize.shields@gmail.com;83051;Treutel Skyway;105
85730443h;Dr. Humberto Greenfelder;Kuwait;fmarks@hotmail.com;3175;Rogahn Union;100
85758502q;Emmitt Howe;Norway;rahsaan.considine@hotmail.com;89995;Bahringer Mount;38
85770773q;Eleazar Gleason II;Mauritius;ellie.robel@gmail.com;62594;Delphia River;180
85796419s;Lilyan Jakubowski;United Kingdom;alverta12@hotmail.com;826;Mraz Manors;145
85804086g;Andres Cole;Wallis and Futuna;isabelle28@yahoo.com;36387;Jett Course;73
86000611e;Tiffany Leannon;Solomon Islands;dbaumbach@yahoo.com;41469;Jamey Roads;25
86127761g;Uriel Watsica MD;Andorra;bernadine69@gmail.com;98626;Sally Glen;93
86192962z;Jenifer DuBuque III;Denmark;milton.strosin@hotmail.com;9003;Dillan Shoals;132
86280357d;Judd Gerhold;Jamaica;lakin.cathryn@hotmail.com;62339;Wuckert Underpass;196
86281441r;Gregg Prosacco;Estonia;snikolaus@gmail.com;45738;Jayme Trail;190
86528892c;Reese Rippin;Dominican Republic;christa.gottlieb@gmail.com;14177;Erdman Estate;180
86588571z;Jaqueline Jaskolski;Algeria;boyle.eryn@hotmail.com;32420;Wiegand Walks;69
86648874e;Mrs. Sophie Pfeffer;San Marino;koss.simone@gmail.com;37204;Willa Islands;127
86665972q;Dr. Malvina Hudson DDS;Chile;jose72@hotmail.com;46565;Hahn Ports;177
86787238w;Noemy O'Kon;Guinea;cornelius.nitzsche@yahoo.com;39796;Rodriguez Plaza;25
86789545a;Ms. Arielle Doyle DDS;Thailand;viola.ferry@hotmail.com;95003;Ledner Circle;63
86791283z;Tristin Lehner;Norfolk Island;zstroman@yahoo.com;78578;Rosalyn Ville;64
86929165h;Mrs. Camilla Pfannerstill IV;United States of America;hessel.samantha@hotmail.com;88580;Koch Run;50
87021754m;Ms. Jude Aufderhar II;Antigua and Barbuda;obie.kunze@yahoo.com;12714;Prudence Alley;195
87049600k;Stanley DuBuque II;Iceland;hoeger.darius@yahoo.com;99436;Lia Wall;66
87123570l;Garret Balistreri;Timor-Leste;melisa06@gmail.com;39624;Kuhlman Stream;11
87186758d;Myrtis Kunde;Pitcairn Islands;davon28@gmail.com;11482;Roosevelt Manors;152
87209277s;Mr. Dangelo King I;Uruguay;alba.weber@gmail.com;24352;McGlynn Curve;189
87363945x;Lew Green;Gambia;jeramie.brekke@hotmail.com;91505;Kassulke Plains;96
87503811j;Mr. Willis Aufderhar;Slovakia (Slovak Republic;hellen41@gmail.com;77075;Clare Islands;176
87509856h;Deontae Towne;Serbia;gromaguera@yahoo.com;45650;Viviane Court;133
87597052i;Paige Russel;Croatia;khalid82@gmail.com;80402;Kip Dam;135
87603138j;Prof. Jalen Franecki Sr.;Cameroon;kathlyn32@yahoo.com;63794;Florencio Villages;107
87645426f;Dayana Block;Zimbabwe;akeeling@gmail.com;75431;Dach Garden;144
87659748f;Miss Mina Bernhard;Mali;gerlach.emerald@hotmail.com;8148;Delphine Club;26
87803688e;Pauline Lowe;Turkey;ugreenfelder@yahoo.com;18701;Deven Meadows;182
87831846k;Alana Gottlieb;Burundi;maggio.josh@gmail.com;91172;Kuvalis Expressway;1
87866542f;Aubrey Howell Jr.;Moldova;wiza.marian@gmail.com;45786;Sporer Summit;80
87924687d;Tate Beahan;Kuwait;mcummings@hotmail.com;5369;Murazik Path;0
88179295y;Prof. Maxime Dietrich II;United States Minor Outly;pgerhold@hotmail.com;72225;Quigley Inlet;147
88299644n;Aiyana Walker;Ecuador;omayer@gmail.com;57281;Scarlett Rapids;80
88343737w;Hayley Rau;Tunisia;wblock@yahoo.com;78218;Althea Wells;105
88535529e;Lauren Terry;Tajikistan;xosinski@gmail.com;71155;Luettgen Junctions;64
88599094w;Clinton Keebler;United States Minor Outly;watsica.bo@hotmail.com;97793;Jakubowski Islands;154
88665507e;Jameson Boyer;San Marino;brunte@gmail.com;95648;Addie Haven;129
88677553x;Mrs. Alivia Effertz;Cambodia;franecki.murl@yahoo.com;41176;Jones Mountains;42
88697202c;Jacklyn Moen DVM;Anguilla;roberts.kristin@gmail.com;14211;Shields Corners;182
88751078v;Stacy Ankunding;Brazil;oprice@gmail.com;62568;Edna Landing;97
88760617u;Eloise Lind;Iran;nathaniel.boehm@hotmail.com;50382;Friesen Ports;182
88767901a;Miss Rebeca Stoltenberg;Brunei Darussalam;quigley.name@hotmail.com;51480;Bayer Junction;102
88829261u;Mrs. Holly McKenzie MD;Mexico;brice.schroeder@gmail.com;41190;Khalid Stravenue;172
88951719o;Corbin Larson;Suriname;pzboncak@yahoo.com;14576;Pouros Greens;40
89215826g;Isai Metz;Italy;florencio.schultz@hotmail.com;44100;Alana Place;174
89276576i;Drake Larson;Mayotte;devyn.williamson@hotmail.com;98407;Maximilian Islands;22
89353973h;Josephine Schulist;Pakistan;jaron.mccullough@hotmail.com;11422;Vivian Loaf;86
89518520k;Nella Hodkiewicz;Guadeloupe;raul77@yahoo.com;31932;Kerluke Springs;103
89539343m;Travis Aufderhar;Singapore;hane.jeanette@gmail.com;27863;Margot Throughway;24
89641024e;Elissa Maggio;Korea;shawna.watsica@yahoo.com;16280;Leora Springs;195
89652367n;Cristina Jast;Rwanda;wgoyette@gmail.com;6564;Rene Tunnel;113
89676336m;Zoila Cremin;Antigua and Barbuda;ines.bruen@gmail.com;57603;Patience Flat;125
89799218v;Prof. Murphy Zulauf;Mauritius;bbergstrom@hotmail.com;29074;Liana Meadow;165
89864378s;Prof. Xavier Hammes;Libyan Arab Jamahiriya;o'reilly.brooklyn@gmail.com;288;Ritchie Locks;105
89990510p;Mrs. Jennifer Zulauf I;Mozambique;pascale43@gmail.com;24006;Rodrick Passage;132
90194145o;Mr. Emmett Volkman II;Bahrain;fshields@hotmail.com;8373;Kertzmann Points;114
90303187o;Dr. Nolan Bogisich PhD;Mozambique;drogahn@gmail.com;76464;Mayert Summit;148
90341752t;Vallie Blanda;Israel;mvon@yahoo.com;68472;Friesen Camp;68
90513910g;Mrs. Maryam O'Conner;Liberia;drosenbaum@gmail.com;79791;Mertz Fords;167
90656993a;Prof. Lillie Block;Netherlands;mkihn@hotmail.com;17171;Williamson Meadows;101
90888205p;Ms. Clarissa Mayer Sr.;Wallis and Futuna;demario33@hotmail.com;75101;Cheyanne Trace;18
90920364t;Kristofer Bartoletti;Bahamas;torey40@hotmail.com;4339;Reilly Junctions;195
91134456y;Maya Kovacek;American Samoa;everett.davis@gmail.com;20623;Reba Plaza;186
91403006r;Olga Haag;Tanzania;kelli.kshlerin@gmail.com;81612;Tromp Mills;14
91411053c;Shayne Pouros;Vietnam;erogahn@hotmail.com;73160;Hope Orchard;0
91435974y;Stacy Stroman;San Marino;tyrique34@gmail.com;94524;Cummerata Drive;106
91445238t;Ethelyn Ledner MD;Zambia;powlowski.uriah@yahoo.com;6480;Herzog Crescent;86
91553828s;Miss Karen Reynolds PhD;Greenland;ngerlach@hotmail.com;98747;Hettie Island;136
91747724u;Mr. Liam Blick II;Bouvet Island (Bouvetoya);vernice.langworth@gmail.com;51542;Mitchell Springs;20
92068647s;Lucio Pollich PhD;French Southern Territori;elise57@gmail.com;98770;Libby Fort;54
92140689s;Susana Corwin;Ireland;gibson.ruth@hotmail.com;98592;Emelie Burgs;96
92241381p;Annetta Prosacco;Ireland;bradtke.sheila@hotmail.com;10544;Taya Mountain;34
92595805v;Miss Euna Rolfson DVM;Mali;rodrigo96@yahoo.com;8965;Hackett Ports;45
92602292w;Dr. Bernita Stoltenberg Jr.;Saint Pierre and Miquelon;celia.bogan@gmail.com;13859;Labadie Mills;17
92712428a;Luigi Schowalter;Sao Tome and Principe;maximo71@gmail.com;42847;Abigayle Harbors;113
92756990y;Wilhelmine Wyman PhD;Saint Kitts and Nevis;zconn@gmail.com;21941;Lind Unions;45
92830412h;Mariah Wolf;United States Minor Outly;shawna.schaden@gmail.com;23804;Lesch Trace;66
92858128c;Eryn Hoeger IV;Macao;belle22@gmail.com;52062;Jazmyn Mountains;163
93082386h;Evert Murray;Slovakia (Slovak Republic;bgreen@yahoo.com;27349;Niko Glen;125
93092248t;Jordyn Rippin;Saudi Arabia;madalyn94@gmail.com;59234;Franecki Well;94
93269751x;Maximilian Okuneva;Chad;cristobal18@yahoo.com;15594;Rita Spring;72
93447322i;Arielle O'Kon;Mozambique;adriana43@yahoo.com;29342;Leuschke Circles;44
93490641f;Cristopher Heidenreich Jr.;Lao People's Democratic R;reta29@yahoo.com;3181;Jeff Isle;84
93590410r;Kurtis Koepp;Dominican Republic;friedrich.wilderman@hotmail.com;65796;Runte Ports;175
93615380k;Minnie Fay;Oman;kunde.jamie@hotmail.com;80145;Don Junction;128
93661585g;Dr. Jalon Orn;Djibouti;reanna43@gmail.com;44440;Johnson Mission;145
93690555w;Dashawn Nienow;Faroe Islands;jennifer.langosh@gmail.com;34883;Ana Forges;23
93708511r;Axel Mertz;Macao;brando.abbott@gmail.com;4008;Graciela Tunnel;173
93760844r;Christ Bauch;Angola;aron.von@yahoo.com;48711;Champlin Ridges;126
93801575o;Hollie VonRueden;Samoa;derick.dickinson@hotmail.com;24259;Abigail Brook;94
93914201z;Kevon Dicki;Turks and Caicos Islands;ansley.mccullough@hotmail.com;32756;Bartell Ports;98
94354175t;Caroline O'Hara;Kiribati;krajcik.kasey@yahoo.com;92508;Evert Bridge;16
94356138x;Mrs. Renee Green;Algeria;rlabadie@hotmail.com;24272;Metz Spur;187
94385936k;Mr. Liam Toy I;Western Sahara;vonrueden.nash@hotmail.com;16152;Ken Parkway;11
94425915i;Eldred Botsford;Cook Islands;marina.harvey@yahoo.com;75807;Verdie Hills;74
94529149j;Mittie Steuber PhD;Angola;ykemmer@yahoo.com;93012;Brown Rest;139
94583505y;Rhoda Grant;Sudan;marcia85@hotmail.com;92826;Concepcion Forest;67
94781342c;Dovie Cummerata;Colombia;pfannerstill.maryjane@hotmail.com;9920;Roberts Ramp;56
94896348e;Araceli Morar;Serbia;clubowitz@gmail.com;54635;Sterling Mountain;7
95045558f;Jamal Corwin DVM;Ghana;serena04@gmail.com;88021;Cole Dam;125
95099927n;Adelle Aufderhar;Oman;anais68@hotmail.com;24311;Armstrong Street;155
95129417x;Justus Rogahn;Ethiopia;taurean.white@hotmail.com;65613;Lois Ford;133
95133694c;Marjory Schroeder;Western Sahara;kathryne.lind@gmail.com;37440;Eichmann Prairie;189
95163923h;Alek Kling I;Mozambique;towne.connor@hotmail.com;71168;Senger Track;31
95198869u;Ms. Adelle Oberbrunner DDS;Anguilla;troy51@yahoo.com;40328;Bogan Camp;27
95480439k;Tess Funk;Cote d'Ivoire;domingo88@hotmail.com;63241;Ona Inlet;68
95532364s;Alfredo Larson DVM;British Indian Ocean Terr;tkeeling@yahoo.com;99178;Roob Neck;35
95611440m;Taya Kub;Switzerland;damaris74@gmail.com;13333;Zella Estates;74
95760732a;Dr. Hollie Brekke;Cape Verde;saul.considine@gmail.com;95547;Maggio Center;83
95760902f;Kiel Corwin DDS;Uruguay;casey06@hotmail.com;76692;Lilly Ranch;20
95774543i;Dr. Doris Franecki V;China;vallie87@gmail.com;85187;Schultz Rest;94
95810385m;Piper Grant DVM;Honduras;rmoen@gmail.com;28875;Serena Grove;32
95858453v;Emmanuelle Schiller;Thailand;tsanford@gmail.com;58783;Johnathan Place;149
96074625y;Dahlia Nicolas;French Guiana;beahan.kristopher@gmail.com;22208;Brice Grove;153
96249299s;Brody Pollich;Congo;julie52@gmail.com;10162;Jones Cliffs;187
96292135i;Dr. Ayana Tillman III;Belize;yshields@yahoo.com;54198;Coralie Route;88
96304923a;Dallas Terry;Ukraine;bella10@hotmail.com;16718;Mosciski Forest;43
96359735i;Hilma Hessel;Anguilla;iernser@gmail.com;5475;Wava Corner;159
96632801l;Geoffrey Kiehn;San Marino;goyette.kris@yahoo.com;90480;Auer Keys;128
97135333m;Mona Mitchell;Myanmar;mkreiger@hotmail.com;64291;Lou Point;25
97311657v;Johanna Collins;Kazakhstan;keyshawn.reichert@hotmail.com;37412;Leopold Mill;29
97465385d;Prof. Isac Weimann V;San Marino;providenci.casper@gmail.com;9127;Schamberger Summit;133
97493322j;Dr. Alden Labadie;Saint Pierre and Miquelon;ashtyn36@gmail.com;270;Favian Burgs;57
97501457z;Marcella Upton;United Arab Emirates;bahringer.alda@yahoo.com;49906;Rahul Squares;126
97568373e;Cleve Skiles;Albania;grayce05@yahoo.com;69852;Armstrong Islands;180
97632024d;Arthur Nicolas Jr.;Seychelles;hilda20@yahoo.com;45717;Kuphal Mills;62
97641542j;Dr. Iliana Rosenbaum;Saint Helena;nhermann@gmail.com;88161;Frami Port;105
97845633u;Una Turner;Afghanistan;janice56@gmail.com;79473;Richmond Mills;23
97897927r;Dr. Lenny Ritchie MD;Cayman Islands;guadalupe.walsh@gmail.com;99965;Yundt Freeway;82
98035755k;Mr. Jordy Lind V;Nepal;fcole@yahoo.com;12966;Deion Rue;69
98071742n;Elza Schultz MD;Bhutan;kailyn12@gmail.com;43974;Hettinger Shoal;181
98073281p;Mrs. Janet Harvey III;Lao People's Democratic R;pthiel@yahoo.com;62739;Hildegard Wall;144
98134023j;Moriah Kuhlman;Hong Kong;rhuels@yahoo.com;72881;Easter Green;162
98188098z;Darron Harber I;Kiribati;garret.gutkowski@hotmail.com;3321;Bashirian Terrace;106
98208286a;Miss Cathrine Welch;Pakistan;rcarroll@gmail.com;32828;Cesar Neck;81
98320636o;Prof. Piper Ritchie V;Ireland;eleazar37@hotmail.com;44645;Carmela Station;41
98360713p;Flo Herzog I;Equatorial Guinea;alan.bailey@gmail.com;15793;West Lights;3
98416166z;Mr. Myrl Nienow;Mongolia;travon.murphy@yahoo.com;5346;Mosciski Bypass;72
98471518b;Prof. Georgette Pagac;Nicaragua;proberts@hotmail.com;67946;Pamela Stravenue;166
98691251m;Mr. Waldo Cronin II;Gibraltar;dubuque.viviane@hotmail.com;23410;Emory Forges;163
98774882x;Nayeli Legros;Samoa;apagac@gmail.com;77908;Christiansen Forges;95
98977574l;Aleen O'Keefe;Venezuela;bobbie.kirlin@gmail.com;28977;Albina Crest;24
99035162j;Alford Walker;Qatar;hmraz@yahoo.com;24944;Upton Trace;143
99045506h;Clement Wiegand;Taiwan;jared46@gmail.com;69029;Fisher Forges;19
99321475y;Addie Kihn;Montenegro;zprosacco@yahoo.com;47646;Hartmann Tunnel;183
99387984a;Timothy Weimann;Uruguay;shilll@hotmail.com;50771;Ardella Haven;166
99471114n;Jaleel Towne;United Kingdom;madisen.kirlin@hotmail.com;59745;Boehm Point;199
99471334v;Tristin Hilll;Norway;hstehr@hotmail.com;83808;Marilyne Field;27
99478933d;Miss Kenya Orn V;Antarctica (the territory;sanford.lucio@hotmail.com;2620;Okuneva Stream;5
99514929e;Aaliyah Becker;Mexico;praynor@yahoo.com;91949;Hillary Courts;160
99524181y;Mr. Hailey Hessel;Sierra Leone;thiel.arianna@hotmail.com;30311;Trantow Vista;10
99800837i;Columbus Klocko III;Croatia;aliya77@yahoo.com;50210;Hershel Mountain;41
99807503j;Delbert Becker Jr.;Afghanistan;orval91@gmail.com;29063;Domenick Drive;70
99955707q;Dr. Mozell West;Japan;arne.mohr@yahoo.com;87251;Hills Orchard;62